mcf:sourceMediumPath,mcf:totalConversions,mcf:totalConversionValue
pptv / vid,84,0.0
baidu / cpc,1277688,0.0
baidu / cpc -> baidu / cpc,55470,0.0
baidu / cpc -> baidu / cpc -> baidu / cpc,7514,0.0
baidu / cpc -> baidu / cpc -> baidu / cpc -> baidu / cpc,1715,0.0
baidu / cpc -> baidu / cpc -> baidu / cpc -> baidu / cpc -> baidu / cpc,482,0.0
baidu / cpc -> baidu / cpc -> baidu / cpc -> baidu / cpc -> baidu / cpc -> baidu / cpc,178,0.0
baidu / cpc -> baidu / cpc -> baidu / cpc -> baidu / cpc -> baidu / cpc -> baidu / cpc -> baidu / cpc,51,0.0
baidu / cpc -> baidu / cpc -> baidu / cpc -> baidu / cpc -> baidu / cpc -> baidu / cpc -> baidu / cpc -> baidu / cpc,51,0.0
baidu / cpc -> baidu / cpc -> baidu / cpc -> baidu / cpc -> baidu / cpc -> baidu / cpc -> baidu / cpc -> baidu / cpc -> baidu / cpc,17,0.0
baidu / cpc -> baidu / cpc -> baidu / cpc -> baidu / cpc -> baidu / cpc -> baidu / cpc -> baidu / cpc -> baidu / cpc -> baidu / cpc -> baidu / cpc -> baidu / cpc,68,0.0
baidu / cpc -> baidu / cpc -> baidu / cpc -> snickers.com.cn / referral,17,0.0
baidu / cpc -> baidu / cpc -> baidu / cpc -> snickers.com.cn / referral -> snickers.com.cn / referral,34,0.0
baidu / cpc -> baidu / cpc -> baidu / cpc -> snickers.com.cn / referral -> snickers.com.cn / referral -> (direct) / (none),17,0.0
baidu / cpc -> baidu / cpc -> baidu / cpc -> snickers.com.cn / referral -> snickers.com.cn / referral -> (direct) / (none) -> baidu / cpc,25,0.0
baidu / cpc -> baidu / cpc -> baidu / cpc -> snickers.com.cn / referral -> snickers.com.cn / referral -> (direct) / (none) -> baidu / cpc -> baidu / cpc,17,0.0
baidu / cpc -> baidu / cpc -> baidu / cpc -> (direct) / (none),17,0.0
baidu / cpc -> baidu / cpc -> baidu / cpc -> (direct) / (none) -> baidu / cpc,42,0.0
baidu / cpc -> baidu / cpc -> baidu / cpc -> (direct) / (none) -> baidu / cpc -> baidu / cpc -> baidu / cpc -> baidu / cpc -> baidu / cpc -> baidu / cpc,17,0.0
baidu / cpc -> baidu / cpc -> baidu / organic,85,0.0
baidu / cpc -> baidu / cpc -> (direct) / (none),101,0.0
baidu / cpc -> baidu / cpc -> (direct) / (none) -> baidu / cpc,59,0.0
baidu / cpc -> baidu / cpc -> (direct) / (none) -> baidu / cpc -> baidu / cpc,25,0.0
baidu / cpc -> baidu / cpc -> (direct) / (none) -> baidu / cpc -> (direct) / (none) -> baidu / cpc,42,0.0
baidu / cpc -> baidu / cpc -> iQiyi / pre-roll,17,0.0
baidu / cpc -> baidu / cpc -> tudou.com / referral -> baidu / cpc,17,0.0
baidu / cpc -> baidu / cpc -> iqiyi.com / referral,17,0.0
baidu / cpc -> baidu / cpc -> snickers.com.cn / referral,17,0.0
baidu / cpc -> baidu / cpc -> snickers.com.cn / referral -> baidu / cpc,17,0.0
baidu / cpc -> baidu / cpc -> snickers.com.cn / referral -> (direct) / (none),51,0.0
baidu / cpc -> baidu / cpc -> snickers.com.cn / referral -> (direct) / (none) -> baidu / cpc -> (direct) / (none) -> (direct) / (none),8,0.0
baidu / cpc -> baidu / cpc -> snickers.com.cn / referral -> (direct) / (none) -> baidu / cpc -> (direct) / (none) -> (direct) / (none) -> baidu / cpc,17,0.0
baidu / cpc -> Sina / share,68,0.0
baidu / cpc -> Sina / share -> baidu / cpc,59,0.0
baidu / cpc -> Sina / share -> baidu / cpc -> Qzone / share,25,0.0
baidu / cpc -> Sina / share -> madisonboom.com / referral -> baidu / cpc,25,0.0
baidu / cpc -> Sina / share -> madisonboom.com / referral -> baidu / cpc -> (direct) / (none),25,0.0
baidu / cpc -> Sina / share -> madisonboom.com / referral -> baidu / cpc -> (direct) / (none) -> en.campaignchina.com / referral,17,0.0
baidu / cpc -> Qzone / share,110,0.0
baidu / cpc -> Qzone / share -> baidu / cpc,84,0.0
baidu / cpc -> Qzone / share -> baidu / cpc -> baidu / organic,17,0.0
baidu / cpc -> iqiyi / video,135,0.0
baidu / cpc -> iqiyi / video -> baidu / cpc,34,0.0
baidu / cpc -> tudou / video,51,0.0
baidu / cpc -> tudou / video -> tudou / video,17,0.0
baidu / cpc -> tudou / video -> tudou / video -> tudou / video,17,0.0
baidu / cpc -> RenRen / share,34,0.0
baidu / cpc -> iqiyi / banner,17,0.0
baidu / cpc -> youku / banner,76,0.0
baidu / cpc -> baidu / organic,473,0.0
baidu / cpc -> baidu / organic -> baidu / cpc,68,0.0
baidu / cpc -> baidu / organic -> baidu / cpc -> baidu / cpc -> baidu / cpc -> baidu / cpc,34,0.0
baidu / cpc -> sogou / organic,25,0.0
baidu / cpc -> (direct) / (none),1989,0.0
baidu / cpc -> (direct) / (none) -> baidu / cpc,219,0.0
baidu / cpc -> (direct) / (none) -> baidu / cpc -> baidu / cpc,76,0.0
baidu / cpc -> (direct) / (none) -> baidu / organic,34,0.0
baidu / cpc -> (direct) / (none) -> (direct) / (none),101,0.0
baidu / cpc -> (direct) / (none) -> (direct) / (none) -> baidu / cpc -> (direct) / (none),17,0.0
baidu / cpc -> (direct) / (none) -> (direct) / (none) -> baidu / cpc -> (direct) / (none) -> (direct) / (none),17,0.0
baidu / cpc -> (direct) / (none) -> iQiyi / pre-roll,25,0.0
baidu / cpc -> Tudou / pre-roll,144,0.0
baidu / cpc -> Youku / pre-roll,161,0.0
baidu / cpc -> iQiyi / pre-roll,144,0.0
baidu / cpc -> iQiyi / pre-roll -> iQiyi / pre-roll,25,0.0
baidu / cpc -> so.360 / organic,34,0.0
baidu / cpc -> Tencent / pre-roll,17,0.0
baidu / cpc -> letv.com / referral,17,0.0
baidu / cpc -> letv.com / referral -> baidu / cpc,25,0.0
baidu / cpc -> iqiyi.com / referral,338,0.0
baidu / cpc -> iqiyi.com / referral -> (direct) / (none),17,0.0
baidu / cpc -> so.360.cn / referral,17,0.0
baidu / cpc -> tudou.com / referral,136,0.0
baidu / cpc -> tudou.com / referral -> baidu / cpc -> baidu / cpc,25,0.0
baidu / cpc -> kankan.com / referral,42,0.0
baidu / cpc -> e.weibo.com / referral,17,0.0
baidu / cpc -> yule.iqiyi.com / referral,25,0.0
baidu / cpc -> yule.iqiyi.com / referral -> baidu / cpc,17,0.0
baidu / cpc -> snickers.com.cn / referral,185,0.0
baidu / cpc -> static.youku.com / referral,17,0.0
baidu / cpc -> player.letvcdn.com / referral,17,0.0
pps / video,22381,0.0
pps / video -> baidu / cpc,25,0.0
pps / video -> pps / video,621,0.0
pps / video -> pps / video -> pps / video,51,0.0
pps / video -> pps / video -> pps / video -> pps / video,76,0.0
pps / video -> pps / video -> pps / video -> pps / video -> pps / video,25,0.0
pps / video -> pps / video -> pps / video -> pps / video -> pps / video -> pps / video,42,0.0
pps / video -> pps / video -> pps / video -> pps / video -> pps / video -> pps / video -> pps / video,25,0.0
pps / video -> pps / banner,42,0.0
pps / video -> youku / video,17,0.0
pps / video -> pps / clientend,17,0.0
pps / video -> tudou.com / referral,59,0.0
10.161.120.192 / referral -> snickers.com.cn / referral,17,0.0
121.17.125.243 / referral,17,0.0
1korean.com.sg / referral,17,0.0
61.132.216.226 / referral,34,0.0
61.132.255.198 / referral,212,0.0
blog.harot.org / referral,17,0.0
dramabang2.net / referral,161,0.0
dramastyle.com / referral,237,0.0
dream.letv.com / referral,17,0.0
freshupnow.com / referral,449,0.0
igogoshare.com / referral,17,0.0
jxad.jx163.com / referral,153,0.0
js.tudouui.com / referral,13680,0.0
js.tudouui.com / referral -> tudou / video,51,0.0
js.tudouui.com / referral -> tudou / video -> (direct) / (none) -> (direct) / (none),17,0.0
js.tudouui.com / referral -> tudou / video -> (direct) / (none) -> (direct) / (none) -> (direct) / (none),17,0.0
js.tudouui.com / referral -> tudou / video -> player.letvcdn.com / referral,42,0.0
js.tudouui.com / referral -> tudou / video -> player.letvcdn.com / referral -> iqiyi / banner,17,0.0
js.tudouui.com / referral -> iqiyi / video,25,0.0
js.tudouui.com / referral -> iqiyi / video -> iqiyi / banner,17,0.0
js.tudouui.com / referral -> (direct) / (none),102,0.0
js.tudouui.com / referral -> (direct) / (none) -> (direct) / (none),51,0.0
js.tudouui.com / referral -> (direct) / (none) -> (direct) / (none) -> (direct) / (none),34,0.0
js.tudouui.com / referral -> (direct) / (none) -> (direct) / (none) -> (direct) / (none) -> (direct) / (none),17,0.0
js.tudouui.com / referral -> (direct) / (none) -> (direct) / (none) -> (direct) / (none) -> (direct) / (none) -> (direct) / (none),34,0.0
js.tudouui.com / referral -> (direct) / (none) -> (direct) / (none) -> (direct) / (none) -> (direct) / (none) -> (direct) / (none) -> (direct) / (none) -> (direct) / (none),34,0.0
js.tudouui.com / referral -> (direct) / (none) -> (direct) / (none) -> (direct) / (none) -> (direct) / (none) -> (direct) / (none) -> (direct) / (none) -> (direct) / (none) -> (direct) / (none),17,0.0
js.tudouui.com / referral -> (direct) / (none) -> (direct) / (none) -> (direct) / (none) -> (direct) / (none) -> (direct) / (none) -> (direct) / (none) -> (direct) / (none) -> (direct) / (none) -> (direct) / (none) -> (direct) / (none) -> (direct) / (none) -> (direct) / (none) -> (direct) / (none),17,0.0
js.tudouui.com / referral -> (direct) / (none) -> js.tudouui.com / referral,17,0.0
js.tudouui.com / referral -> Tencent / pre-roll,17,0.0
js.tudouui.com / referral -> tudou.com / referral,25,0.0
js.tudouui.com / referral -> iqiyi.com / referral,76,0.0
js.tudouui.com / referral -> js.tudouui.com / referral,68,0.0
js.tudouui.com / referral -> static.youku.com / referral,17,0.0
kabayantv.info / referral,59,0.0
kncolorado.com / referral,17,0.0
pinoy-ako.info / referral,415,0.0
pp.ppsj.com.cn / referral,17,0.0
qq.hz.letv.com / referral,17,0.0
teluguwala.com / referral,17,0.0
thecinebay.com / referral,17,0.0
yule.iqiyi.com / referral,1970,0.0
yule.iqiyi.com / referral -> baidu / cpc,34,0.0
yule.iqiyi.com / referral -> tudou / video,34,0.0
yule.iqiyi.com / referral -> (direct) / (none),17,0.0
yule.iqiyi.com / referral -> iqiyi.com / referral,34,0.0
192.110.110.244 / referral,17,0.0
221.204.213.222 / referral,160,0.0
221.204.213.222 / referral -> (direct) / (none) -> (direct) / (none),17,0.0
221.231.148.253 / referral,17,0.0
madisonboom.com / referral,264,0.0
madisonboom.com / referral -> (direct) / (none),25,0.0
madisonboom.com / referral -> damndigital.com / referral,25,0.0
movie.youku.com / referral,17,0.0
baike.baidu.com / referral,203,0.0
cache.tv.qq.com / referral,17,0.0
cn.engadget.com / referral,17,0.0
damndigital.com / referral,1975,0.0
damndigital.com / referral -> (direct) / (none),42,0.0
damndigital.com / referral -> damndigital.com / referral,101,0.0
desifilms4u.com / referral,17,0.0
huati.weibo.com / referral,68,0.0
hubonlinetv.com / referral,17,0.0
imgcache.qq.com / referral,536,0.0
js.xigua110.com / referral,17,0.0
pinoylovers.com / referral,25,0.0
pinoylovetv.com / referral,17,0.0
proudlypinoy.tv / referral,34,0.0
samaikiller.com / referral,68,0.0
snickers.com.cn / referral,15746,0.0
snickers.com.cn / referral -> baidu / cpc,644,0.0
snickers.com.cn / referral -> baidu / cpc -> baidu / cpc,51,0.0
snickers.com.cn / referral -> baidu / cpc -> baidu / cpc -> baidu / cpc,34,0.0
snickers.com.cn / referral -> baidu / cpc -> snickers.com.cn / referral,42,0.0
snickers.com.cn / referral -> baidu / cpc -> snickers.com.cn / referral -> snickers.com.cn / referral,25,0.0
snickers.com.cn / referral -> baidu / cpc -> snickers.com.cn / referral -> (direct) / (none) -> (direct) / (none),17,0.0
snickers.com.cn / referral -> Sina / share,17,0.0
snickers.com.cn / referral -> Sina / share -> Sina / share,42,0.0
snickers.com.cn / referral -> Sina / share -> Sina / share -> Sina / share,34,0.0
snickers.com.cn / referral -> tudou / video,17,0.0
snickers.com.cn / referral -> baidu / organic,34,0.0
snickers.com.cn / referral -> (direct) / (none),118,0.0
snickers.com.cn / referral -> (direct) / (none) -> (direct) / (none),42,0.0
snickers.com.cn / referral -> (direct) / (none) -> (direct) / (none) -> (direct) / (none),42,0.0
snickers.com.cn / referral -> (direct) / (none) -> (direct) / (none) -> (direct) / (none) -> (direct) / (none) -> (direct) / (none) -> (direct) / (none) -> (direct) / (none) -> (direct) / (none) -> (direct) / (none) -> (direct) / (none) -> (direct) / (none) -> (direct) / (none) -> (direct) / (none) -> (direct) / (none) -> (direct) / (none) -> (direct) / (none) -> (direct) / (none) -> (direct) / (none),17,0.0
snickers.com.cn / referral -> Tudou / pre-roll,17,0.0
snickers.com.cn / referral -> kankan.com / referral,17,0.0
snickers.com.cn / referral -> snickers.com.cn / referral,506,0.0
snickers.com.cn / referral -> snickers.com.cn / referral -> baidu / cpc,17,0.0
snickers.com.cn / referral -> snickers.com.cn / referral -> baidu / organic,17,0.0
snickers.com.cn / referral -> snickers.com.cn / referral -> (direct) / (none),17,0.0
snickers.com.cn / referral -> snickers.com.cn / referral -> 10.161.120.192 / referral -> (direct) / (none) -> (direct) / (none) -> 10.161.120.192 / referral -> (direct) / (none) -> 10.161.120.192 / referral -> (direct) / (none) -> 10.161.120.192 / referral -> (direct) / (none),17,0.0
snickers.com.cn / referral -> snickers.com.cn / referral -> 10.161.120.192 / referral -> (direct) / (none) -> (direct) / (none) -> 10.161.120.192 / referral -> (direct) / (none) -> 10.161.120.192 / referral -> (direct) / (none) -> 10.161.120.192 / referral -> (direct) / (none) -> 10.161.120.192 / referral,17,0.0
snickers.com.cn / referral -> snickers.com.cn / referral -> snickers.com.cn / referral,59,0.0
snickers.com.cn / referral -> snickers.com.cn / referral -> snickers.com.cn / referral -> snickers.com.cn / referral,17,0.0
telugunagar.com / referral,34,0.0
tieba.baidu.com / referral,261,0.0
videodesert.com / referral,51,0.0
www1.js.vnet.cn / referral,552,0.0
www1.js.vnet.cn / referral -> (direct) / (none),17,0.0
www1.js.vnet.cn / referral -> www1.js.vnet.cn / referral,25,0.0
www1.js.vnet.cn / referral -> www1.js.vnet.cn / referral -> (direct) / (none),17,0.0
www1.xunlei.com / referral,110,0.0
mypinoymovie.net / referral,34,0.0
newkoreatown.com / referral,17,0.0
abcmalayalam.com / referral,484,0.0
abcmalayalam.com / referral -> abcmalayalam.com / referral,42,0.0
cochinmovies.com / referral,42,0.0
dove.m.tmall.com / referral,17,0.0
pinoysabroad.org / referral,17,0.0
player.youku.com / referral,586,0.0
static.youku.com / referral,21122,0.0
static.youku.com / referral -> baidu / cpc,25,0.0
static.youku.com / referral -> snickers.com.cn / referral,34,0.0
static.youku.com / referral -> abcmalayalam.com / referral,17,0.0
static.youku.com / referral -> static.youku.com / referral,313,0.0
static.youku.com / referral -> iqiyi / video,17,0.0
static.youku.com / referral -> youku / video,93,0.0
static.youku.com / referral -> youku / banner,76,0.0
static.youku.com / referral -> (direct) / (none),238,0.0
static.youku.com / referral -> (direct) / (none) -> (direct) / (none) -> (direct) / (none),17,0.0
static.youku.com / referral -> (direct) / (none) -> (direct) / (none) -> (direct) / (none) -> (direct) / (none),51,0.0
static.youku.com / referral -> (direct) / (none) -> (direct) / (none) -> (direct) / (none) -> (direct) / (none) -> baidu / cpc,17,0.0
static.youku.com / referral -> (direct) / (none) -> (direct) / (none) -> (direct) / (none) -> (direct) / (none) -> (direct) / (none),17,0.0
static.youku.com / referral -> (direct) / (none) -> (direct) / (none) -> (direct) / (none) -> (direct) / (none) -> (direct) / (none) -> (direct) / (none),34,0.0
static.youku.com / referral -> (direct) / (none) -> (direct) / (none) -> (direct) / (none) -> (direct) / (none) -> (direct) / (none) -> (direct) / (none) -> (direct) / (none),68,0.0
static.youku.com / referral -> (direct) / (none) -> (direct) / (none) -> (direct) / (none) -> (direct) / (none) -> (direct) / (none) -> (direct) / (none) -> (direct) / (none) -> (direct) / (none),17,0.0
static.youku.com / referral -> (direct) / (none) -> (direct) / (none) -> (direct) / (none) -> (direct) / (none) -> (direct) / (none) -> (direct) / (none) -> (direct) / (none) -> (direct) / (none) -> (direct) / (none),34,0.0
static.youku.com / referral -> (direct) / (none) -> (direct) / (none) -> (direct) / (none) -> (direct) / (none) -> (direct) / (none) -> (direct) / (none) -> (direct) / (none) -> (direct) / (none) -> (direct) / (none) -> (direct) / (none),34,0.0
static.youku.com / referral -> (direct) / (none) -> (direct) / (none) -> (direct) / (none) -> (direct) / (none) -> (direct) / (none) -> (direct) / (none) -> (direct) / (none) -> (direct) / (none) -> (direct) / (none) -> (direct) / (none) -> (direct) / (none),17,0.0
static.youku.com / referral -> (direct) / (none) -> (direct) / (none) -> (direct) / (none) -> (direct) / (none) -> (direct) / (none) -> (direct) / (none) -> (direct) / (none) -> (direct) / (none) -> (direct) / (none) -> (direct) / (none) -> (direct) / (none) -> (direct) / (none),34,0.0
static.youku.com / referral -> (direct) / (none) -> (direct) / (none) -> (direct) / (none) -> (direct) / (none) -> (direct) / (none) -> (direct) / (none) -> (direct) / (none) -> (direct) / (none) -> (direct) / (none) -> (direct) / (none) -> (direct) / (none) -> (direct) / (none) -> (direct) / (none) -> (direct) / (none),17,0.0
static.youku.com / referral -> (direct) / (none) -> (direct) / (none) -> (direct) / (none) -> (direct) / (none) -> (direct) / (none) -> (direct) / (none) -> (direct) / (none) -> (direct) / (none) -> (direct) / (none) -> (direct) / (none) -> (direct) / (none) -> (direct) / (none) -> (direct) / (none) -> (direct) / (none) -> (direct) / (none),17,0.0
static.youku.com / referral -> (direct) / (none) -> (direct) / (none) -> (direct) / (none) -> (direct) / (none) -> (direct) / (none) -> (direct) / (none) -> (direct) / (none) -> (direct) / (none) -> (direct) / (none) -> (direct) / (none) -> (direct) / (none) -> (direct) / (none) -> (direct) / (none) -> (direct) / (none) -> (direct) / (none) -> (direct) / (none) -> (direct) / (none) -> (direct) / (none),17,0.0
static.youku.com / referral -> (direct) / (none) -> (direct) / (none) -> (direct) / (none) -> (direct) / (none) -> (direct) / (none) -> (direct) / (none) -> (direct) / (none) -> (direct) / (none) -> (direct) / (none) -> (direct) / (none) -> (direct) / (none) -> (direct) / (none) -> (direct) / (none) -> (direct) / (none) -> (direct) / (none) -> (direct) / (none) -> (direct) / (none) -> (direct) / (none) -> (direct) / (none) -> (direct) / (none),34,0.0
static.youku.com / referral -> (direct) / (none) -> letv.com / referral,17,0.0
static.youku.com / referral -> iQiyi / pre-roll,17,0.0
static.youku.com / referral -> letv.com / referral,51,0.0
static.youku.com / referral -> tudou.com / referral,17,0.0
share.renren.com / referral,51,0.0
sns.qzone.qq.com / referral,51,0.0
tube.movie9k.com / referral,17,0.0
tagalogshows.com / referral,17,0.0
td.atm.youku.com / referral,42,0.0
utamilmovies.com / referral,34,0.0
Sina / share,447,0.0
Sina / share -> baidu / cpc,34,0.0
Sina / share -> Sina / share,25,0.0
pps / banner,14475,0.0
pps / banner -> pps / video,17,0.0
pps / banner -> pps / video -> pps / video,25,0.0
pps / banner -> pps / banner,42,0.0
pps / banner -> pps / banner -> pps / banner,17,0.0
pps / banner -> pps / clientend,85,0.0
pps / banner -> (direct) / (none),76,0.0
pptv / video,7631,0.0
pptv / video -> baidu / cpc,101,0.0
pptv / video -> pptv / video,68,0.0
pptv / video -> pptv / video -> tudou.com / referral,17,0.0
pptv / video -> pptv / banner,34,0.0
pptv / video -> pps / clientend,17,0.0
pptv / video -> (direct) / (none),178,0.0
pptv / video -> (direct) / (none) -> youku / video,17,0.0
pptv / video -> (direct) / (none) -> (direct) / (none),59,0.0
pptv / video -> iqiyi.com / referral,42,0.0
pptv / video -> tudou.com / referral,17,0.0
Qzone / share,786,0.0
Qzone / share -> youku / video,17,0.0
Qzone / share -> (direct) / (none),34,0.0
iqiyi / video,69179,0.0
iqiyi / video -> baidu / cpc,220,0.0
iqiyi / video -> baidu / cpc -> baidu / cpc,34,0.0
iqiyi / video -> tudou / video,17,0.0
iqiyi / video -> youku / video,59,0.0
iqiyi / video -> iqiyi / video,775,0.0
iqiyi / video -> iqiyi / video -> iqiyi / video,102,0.0
iqiyi / video -> iqiyi / video -> iqiyi / video -> iqiyi / video,17,0.0
iqiyi / video -> iqiyi / video -> iqiyi / banner,17,0.0
iqiyi / video -> iqiyi / video -> tudou.com / referral,25,0.0
iqiyi / video -> iqiyi / video -> tudou.com / referral -> tudou.com / referral,25,0.0
iqiyi / video -> iqiyi / banner,85,0.0
iqiyi / video -> pps / clientend,34,0.0
iqiyi / video -> (direct) / (none),620,0.0
iqiyi / video -> (direct) / (none) -> iqiyi / video,34,0.0
iqiyi / video -> (direct) / (none) -> (direct) / (none),17,0.0
iqiyi / video -> tudou.com / referral,34,0.0
iqiyi / video -> iqiyi.com / referral,187,0.0
iqiyi / video -> iqiyi.com / referral -> (direct) / (none),17,0.0
iqiyi / video -> static.youku.com / referral,25,0.0
iqiyi / video -> player.letvcdn.com / referral,17,0.0
pptv / banner,7285,0.0
pptv / banner -> baidu / cpc,76,0.0
pptv / banner -> tudou / video,17,0.0
pptv / banner -> pptv / banner,17,0.0
pptv / banner -> (direct) / (none),76,0.0
tudou / video,144287,0.0
tudou / video -> baidu / cpc,144,0.0
tudou / video -> pps / banner,17,0.0
tudou / video -> tudou / video,5124,0.0
tudou / video -> tudou / video -> baidu / cpc,17,0.0
tudou / video -> tudou / video -> tudou / video,493,0.0
tudou / video -> tudou / video -> tudou / video -> tudou / video,119,0.0
tudou / video -> tudou / video -> tudou / video -> tudou / video -> tudou / video,59,0.0
tudou / video -> tudou / video -> tudou / banner,25,0.0
tudou / video -> tudou / video -> (direct) / (none),102,0.0
tudou / video -> tudou / video -> (direct) / (none) -> (direct) / (none),34,0.0
tudou / video -> tudou / video -> tudou.com / referral,17,0.0
tudou / video -> tudou / video -> xunlei.com / referral,25,0.0
tudou / video -> youku / video,101,0.0
tudou / video -> Qzone / share,17,0.0
tudou / video -> iqiyi / video,42,0.0
tudou / video -> iqiyi / video -> iqiyi / video,25,0.0
tudou / video -> iqiyi / video -> iqiyi / video -> iqiyi / video,25,0.0
tudou / video -> tudou / banner,128,0.0
tudou / video -> pps / clientend,67,0.0
tudou / video -> (direct) / (none),1228,0.0
tudou / video -> (direct) / (none) -> tudou / video,76,0.0
tudou / video -> (direct) / (none) -> (direct) / (none),17,0.0
tudou / video -> (direct) / (none) -> (direct) / (none) -> tudou.com / referral,17,0.0
tudou / video -> letv.com / referral,34,0.0
tudou / video -> tudou.com / referral,699,0.0
tudou / video -> tudou.com / referral -> tudou / video,17,0.0
tudou / video -> iqiyi.com / referral,136,0.0
tudou / video -> js.tudouui.com / referral,17,0.0
tudou / video -> player.letvcdn.com / referral,34,0.0
youku / video,63361,0.0
youku / video -> baidu / cpc,161,0.0
youku / video -> pptv / video,17,0.0
youku / video -> tudou / video,34,0.0
youku / video -> tudou / video -> tudou / video,17,0.0
youku / video -> tudou / video -> tudou / video -> (direct) / (none),17,0.0
youku / video -> youku / video,1612,0.0
youku / video -> youku / video -> youku / video,68,0.0
youku / video -> youku / video -> (direct) / (none),34,0.0
youku / video -> iqiyi / video,17,0.0
youku / video -> (direct) / (none),618,0.0
youku / video -> (direct) / (none) -> youku / video,59,0.0
youku / video -> letv.com / referral,17,0.0
youku / video -> tudou.com / referral,68,0.0
youku / video -> iqiyi.com / referral,34,0.0
youku / video -> iqiyi.com / referral -> (direct) / (none),17,0.0
RenRen / share,195,0.0
bing / organic,143,0.0
iqiyi / banner,17900,0.0
iqiyi / banner -> baidu / cpc,118,0.0
iqiyi / banner -> baidu / cpc -> baidu / cpc,34,0.0
iqiyi / banner -> baidu / cpc -> baidu / cpc -> baidu / cpc,59,0.0
iqiyi / banner -> baidu / cpc -> baidu / cpc -> baidu / cpc -> baidu / cpc,17,0.0
iqiyi / banner -> iqiyi / video,127,0.0
iqiyi / banner -> youku / video,84,0.0
iqiyi / banner -> iqiyi / banner,188,0.0
iqiyi / banner -> tudou / banner,17,0.0
iqiyi / banner -> (direct) / (none),102,0.0
iqiyi / banner -> (direct) / (none) -> iqiyi / banner,17,0.0
iqiyi / banner -> iqiyi.com / referral,93,0.0
iqiyi / banner -> tudou.com / referral,60,0.0
soso / organic,17,0.0
tudou / banner,35005,0.0
tudou / banner -> baidu / cpc,101,0.0
tudou / banner -> baidu / cpc -> baidu / cpc,17,0.0
tudou / banner -> Qzone / share,17,0.0
tudou / banner -> tudou / video,110,0.0
tudou / banner -> tudou / banner,444,0.0
tudou / banner -> tudou / banner -> tudou / banner,42,0.0
tudou / banner -> tudou / banner -> tudou / banner -> tudou / banner,42,0.0
tudou / banner -> tudou / banner -> tudou / banner -> tudou / banner -> tudou / banner,42,0.0
tudou / banner -> tudou / banner -> tudou / banner -> tudou / banner -> tudou / banner -> tudou / banner,42,0.0
tudou / banner -> tudou / banner -> tudou / banner -> tudou / banner -> tudou / banner -> tudou / banner -> tudou / banner,42,0.0
tudou / banner -> tudou / banner -> tudou / banner -> tudou / banner -> tudou / banner -> tudou / banner -> tudou / banner -> tudou / banner,42,0.0
tudou / banner -> tudou / banner -> tudou / banner -> tudou / banner -> tudou / banner -> tudou / banner -> tudou / banner -> tudou / banner -> tudou / banner,42,0.0
tudou / banner -> tudou / banner -> tudou / banner -> tudou / banner -> tudou / banner -> tudou / banner -> tudou / banner -> tudou / banner -> tudou / banner -> tudou / banner,42,0.0
tudou / banner -> tudou / banner -> tudou / banner -> tudou / banner -> tudou / banner -> tudou / banner -> tudou / banner -> tudou / banner -> tudou / banner -> tudou / banner -> tudou / banner,42,0.0
tudou / banner -> tudou / banner -> tudou / banner -> tudou / banner -> tudou / banner -> tudou / banner -> tudou / banner -> tudou / banner -> tudou / banner -> tudou / banner -> tudou / banner -> tudou / banner,17,0.0
tudou / banner -> tudou / banner -> tudou / banner -> tudou / banner -> tudou / banner -> tudou / banner -> tudou / banner -> tudou / banner -> tudou / banner -> tudou / banner -> tudou / banner -> tudou / banner -> tudou / banner,34,0.0
tudou / banner -> tudou / banner -> tudou / banner -> tudou / banner -> tudou / banner -> tudou / banner -> tudou / banner -> tudou / banner -> tudou / banner -> tudou / banner -> tudou / banner -> tudou / banner -> tudou / banner -> tudou / banner,42,0.0
tudou / banner -> tudou / banner -> tudou / banner -> tudou / banner -> tudou / banner -> tudou / banner -> tudou / banner -> tudou / banner -> tudou / banner -> tudou / banner -> tudou / banner -> tudou / banner -> tudou / banner -> tudou / banner -> tudou / banner,42,0.0
tudou / banner -> tudou / banner -> tudou / banner -> tudou / banner -> tudou / banner -> tudou / banner -> tudou / banner -> tudou / banner -> tudou / banner -> tudou / banner -> tudou / banner -> tudou / banner -> tudou / banner -> tudou / banner -> tudou / banner -> tudou / banner,25,0.0
tudou / banner -> tudou / banner -> tudou / banner -> tudou / banner -> tudou / banner -> tudou / banner -> tudou / banner -> tudou / banner -> tudou / banner -> tudou / banner -> tudou / banner -> tudou / banner -> tudou / banner -> tudou / banner -> tudou / banner -> tudou / banner -> tudou / banner,42,0.0
tudou / banner -> tudou / banner -> tudou / banner -> tudou / banner -> tudou / banner -> tudou / banner -> tudou / banner -> tudou / banner -> tudou / banner -> tudou / banner -> tudou / banner -> tudou / banner -> tudou / banner -> tudou / banner -> tudou / banner -> tudou / banner -> tudou / banner -> tudou / banner,42,0.0
tudou / banner -> tudou / banner -> (direct) / (none),34,0.0
tudou / banner -> (direct) / (none),136,0.0
tudou / banner -> tudou.com / referral,51,0.0
tudou / banner -> tudou.com / referral -> tudou / banner,17,0.0
youku / banner,54536,0.0
youku / banner -> baidu / cpc,42,0.0
youku / banner -> pptv / banner,17,0.0
youku / banner -> pptv / banner -> tudou / banner,17,0.0
youku / banner -> youku / banner,75,0.0
youku / banner -> pps / clientend,17,0.0
youku / banner -> (direct) / (none),42,0.0
Tencent / share,262,0.0
Tencent / share -> baidu / organic,17,0.0
baidu / organic,3075,0.0
baidu / organic -> baidu / cpc,271,0.0
baidu / organic -> baidu / cpc -> baidu / cpc,93,0.0
baidu / organic -> baidu / cpc -> baidu / cpc -> baidu / cpc -> baidu / cpc,17,0.0
baidu / organic -> baidu / cpc -> baidu / cpc -> (direct) / (none),42,0.0
baidu / organic -> baidu / cpc -> baidu / cpc -> (direct) / (none) -> baidu / organic,17,0.0
baidu / organic -> baidu / cpc -> baidu / organic,25,0.0
baidu / organic -> Qzone / share,17,0.0
baidu / organic -> (direct) / (none),51,0.0
baidu / organic -> (direct) / (none) -> baidu / cpc,8,0.0
baidu / organic -> (direct) / (none) -> (direct) / (none),25,0.0
pps / clientend,86232,0.0
pps / clientend -> baidu / cpc,51,0.0
pps / clientend -> pps / banner,42,0.0
pps / clientend -> pps / banner -> baidu / cpc,17,0.0
pps / clientend -> tudou / video,42,0.0
pps / clientend -> tudou / video -> tudou / video,25,0.0
pps / clientend -> pps / clientend,1606,0.0
pps / clientend -> pps / clientend -> tudou / banner,42,0.0
pps / clientend -> pps / clientend -> pps / clientend,153,0.0
pps / clientend -> pps / clientend -> pps / clientend -> pps / clientend,34,0.0
pps / clientend -> (direct) / (none),255,0.0
pps / clientend -> (direct) / (none) -> pps / clientend,67,0.0
pps / clientend -> letv.com / referral,17,0.0
pps / clientend -> tudou.com / referral,17,0.0
pps / clientend -> tudou.com / referral -> tudou.com / referral,17,0.0
sogou / organic,849,0.0
sogou / organic -> (direct) / (none),42,0.0
sogou / organic -> (direct) / (none) -> sogou / organic,17,0.0
yahoo / organic,17,0.0
(direct) / (none),1309848,0.0
(direct) / (none) -> baidu / cpc,5820,0.0
(direct) / (none) -> baidu / cpc -> baidu / cpc,441,0.0
(direct) / (none) -> baidu / cpc -> baidu / cpc -> baidu / cpc,127,0.0
(direct) / (none) -> baidu / cpc -> baidu / cpc -> baidu / cpc -> (direct) / (none),17,0.0
(direct) / (none) -> baidu / cpc -> (direct) / (none),127,0.0
(direct) / (none) -> baidu / cpc -> (direct) / (none) -> (direct) / (none),17,0.0
(direct) / (none) -> baidu / cpc -> (direct) / (none) -> (direct) / (none) -> (direct) / (none),17,0.0
(direct) / (none) -> pps / video,94,0.0
(direct) / (none) -> 10.161.120.192 / referral -> 10.161.120.192 / referral -> (direct) / (none),17,0.0
(direct) / (none) -> 10.161.120.192 / referral -> 10.161.120.192 / referral -> (direct) / (none) -> (direct) / (none),17,0.0
(direct) / (none) -> js.tudouui.com / referral,17,0.0
(direct) / (none) -> yule.iqiyi.com / referral,42,0.0
(direct) / (none) -> madisonboom.com / referral,42,0.0
(direct) / (none) -> snickers.com.cn / referral,51,0.0
(direct) / (none) -> snickers.com.cn / referral -> (direct) / (none),42,0.0
(direct) / (none) -> snickers.com.cn / referral -> (direct) / (none) -> snickers.com.cn / referral,17,0.0
(direct) / (none) -> snickers.com.cn / referral -> (direct) / (none) -> snickers.com.cn / referral -> snickers.com.cn / referral,59,0.0
(direct) / (none) -> snickers.com.cn / referral -> (direct) / (none) -> snickers.com.cn / referral -> snickers.com.cn / referral -> snickers.com.cn / referral,17,0.0
(direct) / (none) -> snickers.com.cn / referral -> snickers.com.cn / referral,17,0.0
(direct) / (none) -> snickers.com.cn / referral -> snickers.com.cn / referral -> 10.161.120.192 / referral,17,0.0
(direct) / (none) -> snickers.com.cn / referral -> snickers.com.cn / referral -> 10.161.120.192 / referral -> (direct) / (none),51,0.0
(direct) / (none) -> snickers.com.cn / referral -> snickers.com.cn / referral -> 10.161.120.192 / referral -> (direct) / (none) -> (direct) / (none) -> 10.161.120.192 / referral,42,0.0
(direct) / (none) -> snickers.com.cn / referral -> snickers.com.cn / referral -> 10.161.120.192 / referral -> (direct) / (none) -> (direct) / (none) -> 10.161.120.192 / referral -> (direct) / (none),42,0.0
(direct) / (none) -> snickers.com.cn / referral -> snickers.com.cn / referral -> 10.161.120.192 / referral -> (direct) / (none) -> (direct) / (none) -> 10.161.120.192 / referral -> (direct) / (none) -> 10.161.120.192 / referral,17,0.0
(direct) / (none) -> snickers.com.cn / referral -> snickers.com.cn / referral -> 10.161.120.192 / referral -> (direct) / (none) -> (direct) / (none) -> 10.161.120.192 / referral -> (direct) / (none) -> 10.161.120.192 / referral -> (direct) / (none),17,0.0
(direct) / (none) -> snickers.com.cn / referral -> snickers.com.cn / referral -> 10.161.120.192 / referral -> (direct) / (none) -> (direct) / (none) -> 10.161.120.192 / referral -> (direct) / (none) -> 10.161.120.192 / referral -> (direct) / (none) -> 10.161.120.192 / referral,25,0.0
(direct) / (none) -> video.hao123.com / referral,17,0.0
(direct) / (none) -> Sina / share,59,0.0
(direct) / (none) -> pps / banner,17,0.0
(direct) / (none) -> pptv / video,25,0.0
(direct) / (none) -> pptv / video -> (direct) / (none) -> pptv / video,17,0.0
(direct) / (none) -> Qzone / share,117,0.0
(direct) / (none) -> Qzone / share -> Qzone / share,34,0.0
(direct) / (none) -> Qzone / share -> Qzone / share -> Qzone / share,25,0.0
(direct) / (none) -> Qzone / share -> (direct) / (none),25,0.0
(direct) / (none) -> iqiyi / video,664,0.0
(direct) / (none) -> iqiyi / video -> tudou / video,17,0.0
(direct) / (none) -> iqiyi / video -> iqiyi / video,17,0.0
(direct) / (none) -> iqiyi / video -> (direct) / (none),93,0.0
(direct) / (none) -> pptv / banner,34,0.0
(direct) / (none) -> tudou / video,1689,0.0
(direct) / (none) -> tudou / video -> (direct) / (none),93,0.0
(direct) / (none) -> tudou / video -> tudou.com / referral,17,0.0
(direct) / (none) -> youku / video,768,0.0
(direct) / (none) -> youku / video -> (direct) / (none),59,0.0
(direct) / (none) -> youku / video -> (direct) / (none) -> youku / video,17,0.0
(direct) / (none) -> iqiyi / banner,204,0.0
(direct) / (none) -> tudou / banner,119,0.0
(direct) / (none) -> youku / banner,60,0.0
(direct) / (none) -> Tencent / share,25,0.0
(direct) / (none) -> baidu / organic,85,0.0
(direct) / (none) -> pps / clientend,153,0.0
(direct) / (none) -> pps / clientend -> pps / clientend,17,0.0
(direct) / (none) -> sogou / organic,51,0.0
(direct) / (none) -> sogou / organic -> (direct) / (none),42,0.0
(direct) / (none) -> (direct) / (none),33462,0.0
(direct) / (none) -> (direct) / (none) -> baidu / cpc,169,0.0
(direct) / (none) -> (direct) / (none) -> 10.161.120.192 / referral -> (direct) / (none) -> 10.161.120.192 / referral,17,0.0
(direct) / (none) -> (direct) / (none) -> 10.161.120.192 / referral -> (direct) / (none) -> 10.161.120.192 / referral -> (direct) / (none) -> 10.161.120.192 / referral -> (direct) / (none) -> 10.161.120.192 / referral -> 10.161.120.192 / referral,17,0.0
(direct) / (none) -> (direct) / (none) -> iqiyi / video,17,0.0
(direct) / (none) -> (direct) / (none) -> tudou / video,17,0.0
(direct) / (none) -> (direct) / (none) -> youku / video,42,0.0
(direct) / (none) -> (direct) / (none) -> iqiyi / banner,17,0.0
(direct) / (none) -> (direct) / (none) -> pps / clientend,17,0.0
(direct) / (none) -> (direct) / (none) -> (direct) / (none),5208,0.0
(direct) / (none) -> (direct) / (none) -> (direct) / (none) -> 10.161.120.192 / referral -> (direct) / (none),17,0.0
(direct) / (none) -> (direct) / (none) -> (direct) / (none) -> tudou / video,84,0.0
(direct) / (none) -> (direct) / (none) -> (direct) / (none) -> (direct) / (none),1471,0.0
(direct) / (none) -> (direct) / (none) -> (direct) / (none) -> (direct) / (none) -> (direct) / (none),876,0.0
(direct) / (none) -> (direct) / (none) -> (direct) / (none) -> (direct) / (none) -> (direct) / (none) -> (direct) / (none),696,0.0
(direct) / (none) -> (direct) / (none) -> (direct) / (none) -> (direct) / (none) -> (direct) / (none) -> (direct) / (none) -> (direct) / (none),357,0.0
(direct) / (none) -> (direct) / (none) -> (direct) / (none) -> (direct) / (none) -> (direct) / (none) -> (direct) / (none) -> (direct) / (none) -> jxad.jx163.com / referral -> jxad.jx163.com / referral -> (direct) / (none),17,0.0
(direct) / (none) -> (direct) / (none) -> (direct) / (none) -> (direct) / (none) -> (direct) / (none) -> (direct) / (none) -> (direct) / (none) -> (direct) / (none),272,0.0
(direct) / (none) -> (direct) / (none) -> (direct) / (none) -> (direct) / (none) -> (direct) / (none) -> (direct) / (none) -> (direct) / (none) -> (direct) / (none) -> (direct) / (none),289,0.0
(direct) / (none) -> (direct) / (none) -> (direct) / (none) -> (direct) / (none) -> (direct) / (none) -> (direct) / (none) -> (direct) / (none) -> (direct) / (none) -> (direct) / (none) -> (direct) / (none),289,0.0
(direct) / (none) -> (direct) / (none) -> (direct) / (none) -> (direct) / (none) -> (direct) / (none) -> (direct) / (none) -> (direct) / (none) -> (direct) / (none) -> (direct) / (none) -> (direct) / (none) -> (direct) / (none),204,0.0
(direct) / (none) -> (direct) / (none) -> (direct) / (none) -> (direct) / (none) -> (direct) / (none) -> (direct) / (none) -> (direct) / (none) -> (direct) / (none) -> (direct) / (none) -> (direct) / (none) -> (direct) / (none) -> (direct) / (none),153,0.0
(direct) / (none) -> (direct) / (none) -> (direct) / (none) -> (direct) / (none) -> (direct) / (none) -> (direct) / (none) -> (direct) / (none) -> (direct) / (none) -> (direct) / (none) -> (direct) / (none) -> (direct) / (none) -> (direct) / (none) -> (direct) / (none),187,0.0
(direct) / (none) -> (direct) / (none) -> (direct) / (none) -> (direct) / (none) -> (direct) / (none) -> (direct) / (none) -> (direct) / (none) -> (direct) / (none) -> (direct) / (none) -> (direct) / (none) -> (direct) / (none) -> (direct) / (none) -> (direct) / (none) -> (direct) / (none),136,0.0
(direct) / (none) -> (direct) / (none) -> (direct) / (none) -> (direct) / (none) -> (direct) / (none) -> (direct) / (none) -> (direct) / (none) -> (direct) / (none) -> (direct) / (none) -> (direct) / (none) -> (direct) / (none) -> (direct) / (none) -> (direct) / (none) -> (direct) / (none) -> (direct) / (none),136,0.0
(direct) / (none) -> (direct) / (none) -> (direct) / (none) -> (direct) / (none) -> (direct) / (none) -> (direct) / (none) -> (direct) / (none) -> (direct) / (none) -> (direct) / (none) -> (direct) / (none) -> (direct) / (none) -> (direct) / (none) -> (direct) / (none) -> (direct) / (none) -> (direct) / (none) -> (direct) / (none),170,0.0
(direct) / (none) -> (direct) / (none) -> (direct) / (none) -> (direct) / (none) -> (direct) / (none) -> (direct) / (none) -> (direct) / (none) -> (direct) / (none) -> (direct) / (none) -> (direct) / (none) -> (direct) / (none) -> (direct) / (none) -> (direct) / (none) -> (direct) / (none) -> (direct) / (none) -> (direct) / (none) -> (direct) / (none),153,0.0
(direct) / (none) -> (direct) / (none) -> (direct) / (none) -> (direct) / (none) -> (direct) / (none) -> (direct) / (none) -> (direct) / (none) -> (direct) / (none) -> (direct) / (none) -> (direct) / (none) -> (direct) / (none) -> (direct) / (none) -> (direct) / (none) -> (direct) / (none) -> (direct) / (none) -> (direct) / (none) -> (direct) / (none) -> (direct) / (none),153,0.0
(direct) / (none) -> (direct) / (none) -> (direct) / (none) -> (direct) / (none) -> (direct) / (none) -> (direct) / (none) -> (direct) / (none) -> (direct) / (none) -> (direct) / (none) -> (direct) / (none) -> (direct) / (none) -> (direct) / (none) -> (direct) / (none) -> (direct) / (none) -> (direct) / (none) -> (direct) / (none) -> (direct) / (none) -> (direct) / (none) -> (direct) / (none),136,0.0
(direct) / (none) -> (direct) / (none) -> (direct) / (none) -> (direct) / (none) -> (direct) / (none) -> (direct) / (none) -> (direct) / (none) -> (direct) / (none) -> (direct) / (none) -> (direct) / (none) -> (direct) / (none) -> (direct) / (none) -> (direct) / (none) -> (direct) / (none) -> (direct) / (none) -> (direct) / (none) -> (direct) / (none) -> (direct) / (none) -> (direct) / (none) -> (direct) / (none),51,0.0
(direct) / (none) -> (direct) / (none) -> (direct) / (none) -> (direct) / (none) -> (direct) / (none) -> (direct) / (none) -> (direct) / (none) -> (direct) / (none) -> (direct) / (none) -> (direct) / (none) -> (direct) / (none) -> (direct) / (none) -> (direct) / (none) -> (direct) / (none) -> (direct) / (none) -> (direct) / (none) -> (direct) / (none) -> (direct) / (none) -> (direct) / (none) -> (direct) / (none) -> (direct) / (none),85,0.0
(direct) / (none) -> (direct) / (none) -> (direct) / (none) -> (direct) / (none) -> (direct) / (none) -> (direct) / (none) -> (direct) / (none) -> (direct) / (none) -> (direct) / (none) -> (direct) / (none) -> (direct) / (none) -> (direct) / (none) -> (direct) / (none) -> (direct) / (none) -> (direct) / (none) -> (direct) / (none) -> (direct) / (none) -> (direct) / (none) -> (direct) / (none) -> (direct) / (none) -> (direct) / (none) -> (direct) / (none),51,0.0
(direct) / (none) -> (direct) / (none) -> (direct) / (none) -> (direct) / (none) -> (direct) / (none) -> (direct) / (none) -> (direct) / (none) -> (direct) / (none) -> (direct) / (none) -> (direct) / (none) -> (direct) / (none) -> (direct) / (none) -> (direct) / (none) -> (direct) / (none) -> (direct) / (none) -> (direct) / (none) -> (direct) / (none) -> (direct) / (none) -> (direct) / (none) -> (direct) / (none) -> (direct) / (none) -> (direct) / (none) -> (direct) / (none),34,0.0
(direct) / (none) -> (direct) / (none) -> (direct) / (none) -> (direct) / (none) -> (direct) / (none) -> (direct) / (none) -> (direct) / (none) -> (direct) / (none) -> (direct) / (none) -> (direct) / (none) -> (direct) / (none) -> (direct) / (none) -> (direct) / (none) -> (direct) / (none) -> (direct) / (none) -> (direct) / (none) -> (direct) / (none) -> (direct) / (none) -> (direct) / (none) -> (direct) / (none) -> (direct) / (none) -> (direct) / (none) -> (direct) / (none) -> (direct) / (none),34,0.0
(direct) / (none) -> (direct) / (none) -> (direct) / (none) -> (direct) / (none) -> (direct) / (none) -> (direct) / (none) -> (direct) / (none) -> (direct) / (none) -> (direct) / (none) -> (direct) / (none) -> (direct) / (none) -> (direct) / (none) -> (direct) / (none) -> (direct) / (none) -> (direct) / (none) -> (direct) / (none) -> (direct) / (none) -> (direct) / (none) -> (direct) / (none) -> (direct) / (none) -> (direct) / (none) -> (direct) / (none) -> (direct) / (none) -> (direct) / (none) -> (direct) / (none),119,0.0
(direct) / (none) -> (direct) / (none) -> (direct) / (none) -> (direct) / (none) -> (direct) / (none) -> (direct) / (none) -> (direct) / (none) -> (direct) / (none) -> (direct) / (none) -> (direct) / (none) -> (direct) / (none) -> (direct) / (none) -> (direct) / (none) -> (direct) / (none) -> (direct) / (none) -> (direct) / (none) -> (direct) / (none) -> (direct) / (none) -> (direct) / (none) -> (direct) / (none) -> (direct) / (none) -> (direct) / (none) -> (direct) / (none) -> (direct) / (none) -> (direct) / (none) -> (direct) / (none),17,0.0
(direct) / (none) -> (direct) / (none) -> (direct) / (none) -> (direct) / (none) -> (direct) / (none) -> (direct) / (none) -> (direct) / (none) -> (direct) / (none) -> (direct) / (none) -> (direct) / (none) -> (direct) / (none) -> (direct) / (none) -> (direct) / (none) -> (direct) / (none) -> (direct) / (none) -> (direct) / (none) -> (direct) / (none) -> (direct) / (none) -> (direct) / (none) -> (direct) / (none) -> (direct) / (none) -> (direct) / (none) -> (direct) / (none) -> (direct) / (none) -> (direct) / (none) -> (direct) / (none) -> (direct) / (none),51,0.0
(direct) / (none) -> (direct) / (none) -> (direct) / (none) -> (direct) / (none) -> (direct) / (none) -> (direct) / (none) -> (direct) / (none) -> (direct) / (none) -> (direct) / (none) -> (direct) / (none) -> (direct) / (none) -> (direct) / (none) -> (direct) / (none) -> (direct) / (none) -> (direct) / (none) -> (direct) / (none) -> (direct) / (none) -> (direct) / (none) -> (direct) / (none) -> (direct) / (none) -> (direct) / (none) -> (direct) / (none) -> (direct) / (none) -> (direct) / (none) -> (direct) / (none) -> (direct) / (none) -> (direct) / (none) -> (direct) / (none),51,0.0
(direct) / (none) -> (direct) / (none) -> (direct) / (none) -> (direct) / (none) -> (direct) / (none) -> (direct) / (none) -> (direct) / (none) -> (direct) / (none) -> (direct) / (none) -> (direct) / (none) -> (direct) / (none) -> (direct) / (none) -> (direct) / (none) -> (direct) / (none) -> (direct) / (none) -> (direct) / (none) -> (direct) / (none) -> (direct) / (none) -> (direct) / (none) -> (direct) / (none) -> (direct) / (none) -> (direct) / (none) -> (direct) / (none) -> (direct) / (none) -> (direct) / (none) -> (direct) / (none) -> (direct) / (none) -> (direct) / (none) -> (direct) / (none),85,0.0
(direct) / (none) -> (direct) / (none) -> (direct) / (none) -> (direct) / (none) -> (direct) / (none) -> (direct) / (none) -> (direct) / (none) -> (direct) / (none) -> (direct) / (none) -> (direct) / (none) -> (direct) / (none) -> (direct) / (none) -> (direct) / (none) -> (direct) / (none) -> (direct) / (none) -> (direct) / (none) -> (direct) / (none) -> (direct) / (none) -> (direct) / (none) -> (direct) / (none) -> (direct) / (none) -> (direct) / (none) -> (direct) / (none) -> (direct) / (none) -> (direct) / (none) -> (direct) / (none) -> (direct) / (none) -> (direct) / (none) -> (direct) / (none) -> (direct) / (none) -> (direct) / (none) -> (direct) / (none) -> (direct) / (none) -> (direct) / (none) -> (direct) / (none) -> (direct) / (none) -> (direct) / (none) -> (direct) / (none),17,0.0
(direct) / (none) -> (direct) / (none) -> (direct) / (none) -> (direct) / (none) -> (direct) / (none) -> (direct) / (none) -> (direct) / (none) -> (direct) / (none) -> (direct) / (none) -> (direct) / (none) -> (direct) / (none) -> (direct) / (none) -> (direct) / (none) -> (direct) / (none) -> Youku / pre-roll,17,0.0
(direct) / (none) -> (direct) / (none) -> (direct) / (none) -> (direct) / (none) -> iqiyi.com / referral,17,0.0
(direct) / (none) -> (direct) / (none) -> (direct) / (none) -> (direct) / (none) -> 58.17.218.132 / referral,17,0.0
(direct) / (none) -> (direct) / (none) -> (direct) / (none) -> (direct) / (none) -> 58.17.218.132 / referral -> (direct) / (none) -> (direct) / (none),17,0.0
(direct) / (none) -> (direct) / (none) -> (direct) / (none) -> (direct) / (none) -> 58.17.218.132 / referral -> (direct) / (none) -> (direct) / (none) -> (direct) / (none) -> Tencent / pre-roll,17,0.0
(direct) / (none) -> (direct) / (none) -> (direct) / (none) -> hao.360.cn / referral,25,0.0
(direct) / (none) -> (direct) / (none) -> Tudou / pre-roll,68,0.0
(direct) / (none) -> (direct) / (none) -> Youku / pre-roll,59,0.0
(direct) / (none) -> (direct) / (none) -> iQiyi / pre-roll,93,0.0
(direct) / (none) -> (direct) / (none) -> Tencent / pre-roll -> Tencent / pre-roll -> (direct) / (none),17,0.0
(direct) / (none) -> (direct) / (none) -> letv.com / referral,34,0.0
(direct) / (none) -> (direct) / (none) -> iqiyi.com / referral,34,0.0
(direct) / (none) -> (direct) / (none) -> iqiyi.com / referral -> iqiyi / banner,17,0.0
(direct) / (none) -> (direct) / (none) -> tudou.com / referral,51,0.0
(direct) / (none) -> (direct) / (none) -> hao.360.cn / referral,17,0.0
(direct) / (none) -> (direct) / (none) -> e.weibo.com / referral,17,0.0
(direct) / (none) -> Tudou / pre-roll,868,0.0
(direct) / (none) -> Tudou / pre-roll -> (direct) / (none),109,0.0
(direct) / (none) -> Tudou / pre-roll -> Tudou / pre-roll,17,0.0
(direct) / (none) -> Youku / pre-roll,697,0.0
(direct) / (none) -> Youku / pre-roll -> (direct) / (none),59,0.0
(direct) / (none) -> iQiyi / pre-roll,1021,0.0
(direct) / (none) -> iQiyi / pre-roll -> (direct) / (none),17,0.0
(direct) / (none) -> 4.4.8.7 / referral,17,0.0
(direct) / (none) -> Tencent / pre-roll,663,0.0
(direct) / (none) -> Tencent / pre-roll -> (direct) / (none),127,0.0
(direct) / (none) -> Tencent / pre-roll -> (direct) / (none) -> Tencent / pre-roll,17,0.0
(direct) / (none) -> Tencent / pre-roll -> Tencent / pre-roll -> Tencent / pre-roll,25,0.0
(direct) / (none) -> letv.com / referral,288,0.0
(direct) / (none) -> bjpyb.com / referral -> (direct) / (none),17,0.0
(direct) / (none) -> iqiyi.com / referral,960,0.0
(direct) / (none) -> iqiyi.com / referral -> baidu / cpc,34,0.0
(direct) / (none) -> iqiyi.com / referral -> tudou / video,17,0.0
(direct) / (none) -> iqiyi.com / referral -> (direct) / (none),110,0.0
(direct) / (none) -> iqiyi.com / referral -> iqiyi.com / referral,25,0.0
(direct) / (none) -> iqiyi.com / referral -> iqiyi.com / referral -> iqiyi.com / referral,25,0.0
(direct) / (none) -> iqiyi.com / referral -> iqiyi.com / referral -> iqiyi.com / referral -> (direct) / (none),25,0.0
(direct) / (none) -> tudou.com / referral,1388,0.0
(direct) / (none) -> tudou.com / referral -> (direct) / (none),34,0.0
(direct) / (none) -> tudou.com / referral -> (direct) / (none) -> tudou.com / referral,17,0.0
(direct) / (none) -> tudou.com / referral -> tudou.com / referral,59,0.0
(direct) / (none) -> weibo.com / referral,17,0.0
(direct) / (none) -> weibo.com / referral -> snickers.com.cn / referral,17,0.0
(direct) / (none) -> weibo.com / referral -> snickers.com.cn / referral -> snickers.com.cn / referral,17,0.0
(direct) / (none) -> weibo.com / referral -> snickers.com.cn / referral -> snickers.com.cn / referral -> snickers.com.cn / referral,17,0.0
(direct) / (none) -> weibo.com / referral -> snickers.com.cn / referral -> snickers.com.cn / referral -> snickers.com.cn / referral -> snickers.com.cn / referral,17,0.0
(direct) / (none) -> weibo.com / referral -> snickers.com.cn / referral -> snickers.com.cn / referral -> snickers.com.cn / referral -> snickers.com.cn / referral -> snickers.com.cn / referral,17,0.0
(direct) / (none) -> weibo.com / referral -> snickers.com.cn / referral -> snickers.com.cn / referral -> snickers.com.cn / referral -> snickers.com.cn / referral -> snickers.com.cn / referral -> snickers.com.cn / referral,17,0.0
(direct) / (none) -> weibo.com / referral -> snickers.com.cn / referral -> snickers.com.cn / referral -> snickers.com.cn / referral -> snickers.com.cn / referral -> snickers.com.cn / referral -> snickers.com.cn / referral -> snickers.com.cn / referral,17,0.0
(direct) / (none) -> weibo.com / referral -> snickers.com.cn / referral -> snickers.com.cn / referral -> snickers.com.cn / referral -> snickers.com.cn / referral -> snickers.com.cn / referral -> snickers.com.cn / referral -> snickers.com.cn / referral -> snickers.com.cn / referral,17,0.0
(direct) / (none) -> hao.360.cn / referral,93,0.0
(direct) / (none) -> kankan.com / referral,153,0.0
(direct) / (none) -> xunlei.com / referral,127,0.0
(direct) / (none) -> e.weibo.com / referral,42,0.0
(direct) / (none) -> v.youku.com / referral,178,0.0
(direct) / (none) -> v.youku.com / referral -> (direct) / (none),17,0.0
(direct) / (none) -> v.youku.com / referral -> (direct) / (none) -> v.youku.com / referral -> v.youku.com / referral,42,0.0
(direct) / (none) -> player.letvcdn.com / referral,34,0.0
(direct) / (none) -> player.letvcdn.com / referral -> player.letvcdn.com / referral,17,0.0
(direct) / (none) -> en.campaignchina.com / referral -> baidu / cpc,25,0.0
Tudou / pre-roll,104191,0.0
Tudou / pre-roll -> (direct) / (none),187,0.0
Tudou / pre-roll -> (direct) / (none) -> Tudou / pre-roll,110,0.0
Tudou / pre-roll -> Tudou / pre-roll,1327,0.0
Tudou / pre-roll -> Tudou / pre-roll -> Tudou / pre-roll,51,0.0
Tudou / pre-roll -> Youku / pre-roll,246,0.0
Tudou / pre-roll -> Youku / pre-roll -> Tudou / pre-roll,34,0.0
Tudou / pre-roll -> Youku / pre-roll -> iQiyi / pre-roll -> Tudou / pre-roll -> Tudou / pre-roll,17,0.0
Tudou / pre-roll -> Youku / pre-roll -> iQiyi / pre-roll -> Tudou / pre-roll -> Tudou / pre-roll -> iQiyi / pre-roll,25,0.0
Tudou / pre-roll -> iQiyi / pre-roll,272,0.0
Tudou / pre-roll -> Tencent / pre-roll,177,0.0
Tudou / pre-roll -> tudou.com / referral,17,0.0
Youku / pre-roll,137238,0.0
Youku / pre-roll -> (direct) / (none),238,0.0
Youku / pre-roll -> (direct) / (none) -> Youku / pre-roll,34,0.0
Youku / pre-roll -> Tudou / pre-roll,272,0.0
Youku / pre-roll -> Tudou / pre-roll -> Tudou / pre-roll,17,0.0
Youku / pre-roll -> Youku / pre-roll,1987,0.0
Youku / pre-roll -> Youku / pre-roll -> (direct) / (none),42,0.0
Youku / pre-roll -> Youku / pre-roll -> Youku / pre-roll,93,0.0
Youku / pre-roll -> Youku / pre-roll -> Youku / pre-roll -> Youku / pre-roll,84,0.0
Youku / pre-roll -> iQiyi / pre-roll,186,0.0
Youku / pre-roll -> Tencent / pre-roll,76,0.0
Youku / pre-roll -> Tencent / pre-roll -> iQiyi / pre-roll,34,0.0
Youku / pre-roll -> Tencent / pre-roll -> iQiyi / pre-roll -> iQiyi / pre-roll,25,0.0
google / organic,34,0.0
google / organic -> youku / banner,34,0.0
iQiyi / pre-roll,168456,0.0
iQiyi / pre-roll -> (direct) / (none),178,0.0
iQiyi / pre-roll -> (direct) / (none) -> iQiyi / pre-roll,126,0.0
iQiyi / pre-roll -> (direct) / (none) -> Tencent / pre-roll,17,0.0
iQiyi / pre-roll -> Tudou / pre-roll,178,0.0
iQiyi / pre-roll -> Tudou / pre-roll -> Youku / pre-roll,34,0.0
iQiyi / pre-roll -> Tudou / pre-roll -> Youku / pre-roll -> Tudou / pre-roll,25,0.0
iQiyi / pre-roll -> Youku / pre-roll,313,0.0
iQiyi / pre-roll -> Youku / pre-roll -> (direct) / (none) -> Youku / pre-roll,42,0.0
iQiyi / pre-roll -> iQiyi / pre-roll,2116,0.0
iQiyi / pre-roll -> iQiyi / pre-roll -> (direct) / (none),17,0.0
iQiyi / pre-roll -> iQiyi / pre-roll -> iQiyi / pre-roll,119,0.0
iQiyi / pre-roll -> Tencent / pre-roll,118,0.0
so.360 / organic,110,0.0
9ku.tv / referral,17,0.0
1.5.6.3 / referral,17,0.0
5.9.0.5 / referral,17,0.0
Sina / sharebutton,42,0.0
Tencent / pre-roll,125491,0.0
Tencent / pre-roll -> static.youku.com / referral,34,0.0
Tencent / pre-roll -> (direct) / (none),373,0.0
Tencent / pre-roll -> (direct) / (none) -> Tencent / pre-roll,195,0.0
Tencent / pre-roll -> (direct) / (none) -> Tencent / pre-roll -> Tencent / pre-roll,17,0.0
Tencent / pre-roll -> Tudou / pre-roll,34,0.0
Tencent / pre-roll -> Youku / pre-roll,17,0.0
Tencent / pre-roll -> iQiyi / pre-roll,169,0.0
Tencent / pre-roll -> Tencent / pre-roll,1661,0.0
Tencent / pre-roll -> Tencent / pre-roll -> (direct) / (none),84,0.0
Tencent / pre-roll -> Tencent / pre-roll -> Tencent / pre-roll,85,0.0
Tencent / pre-roll -> Tencent / pre-roll -> Tencent / pre-roll -> Tencent / pre-roll,17,0.0
Tencent / pre-roll -> tencent / pre-roll,17,0.0
dou6.cc / referral,17,0.0
uuuu.cc / referral,17,0.0
mars.com / referral,67,0.0
mars.com / referral -> sogou / organic,42,0.0
mjoon.tv / referral,144,0.0
mjoon.tv / referral -> mjoon.tv / referral,17,0.0
hzim.org / referral,42,0.0
letv.com / referral,24482,0.0
letv.com / referral -> baidu / cpc,68,0.0
letv.com / referral -> baidu / cpc -> tudou.com / referral,34,0.0
letv.com / referral -> tudou / video,17,0.0
letv.com / referral -> iqiyi / video,17,0.0
letv.com / referral -> (direct) / (none),272,0.0
letv.com / referral -> (direct) / (none) -> (direct) / (none),85,0.0
letv.com / referral -> (direct) / (none) -> (direct) / (none) -> (direct) / (none),93,0.0
letv.com / referral -> (direct) / (none) -> (direct) / (none) -> (direct) / (none) -> (direct) / (none) -> (direct) / (none) -> (direct) / (none),17,0.0
letv.com / referral -> (direct) / (none) -> (direct) / (none) -> (direct) / (none) -> (direct) / (none) -> (direct) / (none) -> (direct) / (none) -> (direct) / (none),34,0.0
letv.com / referral -> (direct) / (none) -> (direct) / (none) -> (direct) / (none) -> (direct) / (none) -> (direct) / (none) -> (direct) / (none) -> (direct) / (none) -> (direct) / (none),34,0.0
letv.com / referral -> (direct) / (none) -> (direct) / (none) -> (direct) / (none) -> (direct) / (none) -> (direct) / (none) -> (direct) / (none) -> (direct) / (none) -> (direct) / (none) -> (direct) / (none) -> (direct) / (none),17,0.0
letv.com / referral -> (direct) / (none) -> (direct) / (none) -> (direct) / (none) -> (direct) / (none) -> (direct) / (none) -> (direct) / (none) -> (direct) / (none) -> (direct) / (none) -> (direct) / (none) -> (direct) / (none) -> (direct) / (none),17,0.0
letv.com / referral -> (direct) / (none) -> (direct) / (none) -> (direct) / (none) -> (direct) / (none) -> (direct) / (none) -> (direct) / (none) -> (direct) / (none) -> (direct) / (none) -> (direct) / (none) -> (direct) / (none) -> (direct) / (none) -> (direct) / (none) -> (direct) / (none) -> (direct) / (none) -> (direct) / (none) -> (direct) / (none) -> (direct) / (none),17,0.0
letv.com / referral -> (direct) / (none) -> (direct) / (none) -> (direct) / (none) -> (direct) / (none) -> (direct) / (none) -> (direct) / (none) -> (direct) / (none) -> (direct) / (none) -> (direct) / (none) -> (direct) / (none) -> (direct) / (none) -> (direct) / (none) -> (direct) / (none) -> (direct) / (none) -> (direct) / (none) -> (direct) / (none) -> (direct) / (none) -> (direct) / (none) -> (direct) / (none) -> (direct) / (none),17,0.0
letv.com / referral -> (direct) / (none) -> (direct) / (none) -> (direct) / (none) -> (direct) / (none) -> (direct) / (none) -> (direct) / (none) -> (direct) / (none) -> (direct) / (none) -> (direct) / (none) -> (direct) / (none) -> (direct) / (none) -> (direct) / (none) -> (direct) / (none) -> (direct) / (none) -> (direct) / (none) -> (direct) / (none) -> (direct) / (none) -> (direct) / (none) -> (direct) / (none) -> (direct) / (none) -> (direct) / (none) -> (direct) / (none) -> (direct) / (none) -> (direct) / (none) -> (direct) / (none) -> (direct) / (none) -> (direct) / (none) -> (direct) / (none) -> (direct) / (none) -> (direct) / (none) -> (direct) / (none),17,0.0
letv.com / referral -> (direct) / (none) -> (direct) / (none) -> (direct) / (none) -> (direct) / (none) -> (direct) / (none) -> (direct) / (none) -> (direct) / (none) -> (direct) / (none) -> (direct) / (none) -> (direct) / (none) -> (direct) / (none) -> (direct) / (none) -> (direct) / (none) -> (direct) / (none) -> (direct) / (none) -> (direct) / (none) -> (direct) / (none) -> (direct) / (none) -> (direct) / (none) -> (direct) / (none) -> (direct) / (none) -> (direct) / (none) -> (direct) / (none) -> (direct) / (none) -> (direct) / (none) -> (direct) / (none) -> (direct) / (none) -> (direct) / (none) -> (direct) / (none) -> (direct) / (none) -> (direct) / (none) -> (direct) / (none) -> (direct) / (none) -> (direct) / (none) -> (direct) / (none) -> (direct) / (none) -> (direct) / (none) -> (direct) / (none) -> (direct) / (none) -> (direct) / (none) -> (direct) / (none) -> (direct) / (none) -> (direct) / (none),17,0.0
letv.com / referral -> (direct) / (none) -> (direct) / (none) -> (direct) / (none) -> (direct) / (none) -> (direct) / (none) -> (direct) / (none) -> (direct) / (none) -> (direct) / (none) -> (direct) / (none) -> (direct) / (none) -> (direct) / (none) -> (direct) / (none) -> (direct) / (none) -> (direct) / (none) -> (direct) / (none) -> (direct) / (none) -> (direct) / (none) -> (direct) / (none) -> (direct) / (none) -> (direct) / (none) -> (direct) / (none) -> (direct) / (none) -> (direct) / (none) -> (direct) / (none) -> (direct) / (none) -> (direct) / (none) -> (direct) / (none) -> (direct) / (none) -> (direct) / (none) -> (direct) / (none) -> (direct) / (none) -> (direct) / (none) -> (direct) / (none) -> (direct) / (none) -> (direct) / (none) -> (direct) / (none) -> (direct) / (none) -> (direct) / (none) -> (direct) / (none) -> (direct) / (none) -> (direct) / (none) -> (direct) / (none) -> (direct) / (none) -> (direct) / (none) -> (direct) / (none) -> (direct) / (none) -> (direct) / (none),17,0.0
letv.com / referral -> (direct) / (none) -> (direct) / (none) -> (direct) / (none) -> (direct) / (none) -> (direct) / (none) -> (direct) / (none) -> (direct) / (none) -> (direct) / (none) -> (direct) / (none) -> 211.140.10.213:3438 / referral -> (direct) / (none) -> 211.140.10.213:3438 / referral,17,0.0
letv.com / referral -> (direct) / (none) -> letv.com / referral,17,0.0
letv.com / referral -> (direct) / (none) -> v.youku.com / referral,17,0.0
letv.com / referral -> Tudou / pre-roll,17,0.0
letv.com / referral -> iQiyi / pre-roll,25,0.0
letv.com / referral -> letv.com / referral,288,0.0
letv.com / referral -> tudou.com / referral,17,0.0
letv.com / referral -> iqiyi.com / referral,17,0.0
letv.com / referral -> 222.83.8.5 / referral,17,0.0
letv.com / referral -> v.youku.com / referral,17,0.0
letv.com / referral -> static.youku.com / referral,17,0.0
letv.com / referral -> player.letvcdn.com / referral,34,0.0
letv.com / referral -> player.letvcdn.com / referral -> letv.com / referral,17,0.0
qiyi.com / referral,34,0.0
sz.js.cn / referral,68,0.0
t66y.com / referral,17,0.0
t.qq.com / referral,17,0.0
v.qq.com / referral,102,0.0
361dy.cc / referral,17,0.0
ah.189.cn / referral,85,0.0
chosun.us / referral,34,0.0
go8pm.com / referral,17,0.0
iqiyi.com / referral,157815,0.0
iqiyi.com / referral -> baidu / cpc,882,0.0
iqiyi.com / referral -> baidu / cpc -> baidu / cpc,34,0.0
iqiyi.com / referral -> pps / video,34,0.0
iqiyi.com / referral -> Qzone / share,17,0.0
iqiyi.com / referral -> iqiyi / video,244,0.0
iqiyi.com / referral -> iqiyi / video -> iqiyi / banner,17,0.0
iqiyi.com / referral -> tudou / video,101,0.0
iqiyi.com / referral -> youku / video,25,0.0
iqiyi.com / referral -> iqiyi / banner,128,0.0
iqiyi.com / referral -> tudou / banner,85,0.0
iqiyi.com / referral -> youku / banner,17,0.0
iqiyi.com / referral -> (direct) / (none),2637,0.0
iqiyi.com / referral -> (direct) / (none) -> (direct) / (none),458,0.0
iqiyi.com / referral -> (direct) / (none) -> (direct) / (none) -> (direct) / (none),178,0.0
iqiyi.com / referral -> (direct) / (none) -> (direct) / (none) -> (direct) / (none) -> (direct) / (none),110,0.0
iqiyi.com / referral -> (direct) / (none) -> (direct) / (none) -> (direct) / (none) -> (direct) / (none) -> (direct) / (none),51,0.0
iqiyi.com / referral -> (direct) / (none) -> (direct) / (none) -> (direct) / (none) -> (direct) / (none) -> (direct) / (none) -> (direct) / (none),51,0.0
iqiyi.com / referral -> (direct) / (none) -> (direct) / (none) -> (direct) / (none) -> (direct) / (none) -> (direct) / (none) -> (direct) / (none) -> (direct) / (none),51,0.0
iqiyi.com / referral -> (direct) / (none) -> (direct) / (none) -> (direct) / (none) -> (direct) / (none) -> (direct) / (none) -> (direct) / (none) -> (direct) / (none) -> (direct) / (none),68,0.0
iqiyi.com / referral -> (direct) / (none) -> (direct) / (none) -> (direct) / (none) -> (direct) / (none) -> (direct) / (none) -> (direct) / (none) -> (direct) / (none) -> (direct) / (none) -> (direct) / (none),17,0.0
iqiyi.com / referral -> (direct) / (none) -> (direct) / (none) -> (direct) / (none) -> (direct) / (none) -> (direct) / (none) -> (direct) / (none) -> (direct) / (none) -> (direct) / (none) -> (direct) / (none) -> (direct) / (none),34,0.0
iqiyi.com / referral -> (direct) / (none) -> (direct) / (none) -> (direct) / (none) -> (direct) / (none) -> (direct) / (none) -> (direct) / (none) -> (direct) / (none) -> (direct) / (none) -> (direct) / (none) -> (direct) / (none) -> (direct) / (none),17,0.0
iqiyi.com / referral -> (direct) / (none) -> (direct) / (none) -> (direct) / (none) -> (direct) / (none) -> (direct) / (none) -> (direct) / (none) -> (direct) / (none) -> (direct) / (none) -> (direct) / (none) -> (direct) / (none) -> (direct) / (none) -> (direct) / (none),17,0.0
iqiyi.com / referral -> (direct) / (none) -> (direct) / (none) -> (direct) / (none) -> (direct) / (none) -> (direct) / (none) -> (direct) / (none) -> (direct) / (none) -> (direct) / (none) -> (direct) / (none) -> (direct) / (none) -> (direct) / (none) -> (direct) / (none) -> (direct) / (none),17,0.0
iqiyi.com / referral -> (direct) / (none) -> (direct) / (none) -> (direct) / (none) -> (direct) / (none) -> (direct) / (none) -> (direct) / (none) -> (direct) / (none) -> (direct) / (none) -> (direct) / (none) -> (direct) / (none) -> (direct) / (none) -> (direct) / (none) -> (direct) / (none) -> (direct) / (none),17,0.0
iqiyi.com / referral -> (direct) / (none) -> (direct) / (none) -> (direct) / (none) -> (direct) / (none) -> (direct) / (none) -> (direct) / (none) -> (direct) / (none) -> (direct) / (none) -> (direct) / (none) -> (direct) / (none) -> (direct) / (none) -> (direct) / (none) -> (direct) / (none) -> (direct) / (none) -> (direct) / (none),34,0.0
iqiyi.com / referral -> (direct) / (none) -> (direct) / (none) -> (direct) / (none) -> (direct) / (none) -> (direct) / (none) -> (direct) / (none) -> (direct) / (none) -> (direct) / (none) -> (direct) / (none) -> (direct) / (none) -> (direct) / (none) -> (direct) / (none) -> (direct) / (none) -> (direct) / (none) -> (direct) / (none) -> (direct) / (none) -> (direct) / (none),17,0.0
iqiyi.com / referral -> (direct) / (none) -> (direct) / (none) -> (direct) / (none) -> (direct) / (none) -> (direct) / (none) -> (direct) / (none) -> (direct) / (none) -> (direct) / (none) -> (direct) / (none) -> (direct) / (none) -> (direct) / (none) -> (direct) / (none) -> (direct) / (none) -> (direct) / (none) -> (direct) / (none) -> (direct) / (none) -> (direct) / (none) -> (direct) / (none) -> (direct) / (none) -> (direct) / (none) -> (direct) / (none),17,0.0
iqiyi.com / referral -> (direct) / (none) -> (direct) / (none) -> (direct) / (none) -> (direct) / (none) -> (direct) / (none) -> (direct) / (none) -> (direct) / (none) -> (direct) / (none) -> (direct) / (none) -> (direct) / (none) -> (direct) / (none) -> (direct) / (none) -> (direct) / (none) -> (direct) / (none) -> (direct) / (none) -> (direct) / (none) -> (direct) / (none) -> (direct) / (none) -> (direct) / (none) -> (direct) / (none) -> (direct) / (none) -> (direct) / (none) -> (direct) / (none),17,0.0
iqiyi.com / referral -> (direct) / (none) -> (direct) / (none) -> (direct) / (none) -> (direct) / (none) -> iqiyi.com / referral,17,0.0
iqiyi.com / referral -> (direct) / (none) -> iqiyi.com / referral,110,0.0
iqiyi.com / referral -> (direct) / (none) -> iqiyi.com / referral -> (direct) / (none),17,0.0
iqiyi.com / referral -> Youku / pre-roll,34,0.0
iqiyi.com / referral -> iQiyi / pre-roll,161,0.0
iqiyi.com / referral -> letv.com / referral,17,0.0
iqiyi.com / referral -> iqiyi.com / referral,1498,0.0
iqiyi.com / referral -> iqiyi.com / referral -> iqiyi / video,17,0.0
iqiyi.com / referral -> iqiyi.com / referral -> (direct) / (none),59,0.0
iqiyi.com / referral -> iqiyi.com / referral -> (direct) / (none) -> (direct) / (none) -> (direct) / (none),17,0.0
iqiyi.com / referral -> iqiyi.com / referral -> (direct) / (none) -> iqiyi.com / referral -> iqiyi.com / referral,51,0.0
iqiyi.com / referral -> iqiyi.com / referral -> iqiyi.com / referral,85,0.0
iqiyi.com / referral -> tudou.com / referral,127,0.0
iqiyi.com / referral -> tudou.com / referral -> baidu / cpc,17,0.0
iqiyi.com / referral -> tudou.com / referral -> tudou.com / referral,17,0.0
iqiyi.com / referral -> hao.360.cn / referral,17,0.0
iqiyi.com / referral -> js.tudouui.com / referral,42,0.0
iqiyi.com / referral -> player.letvcdn.com / referral,51,0.0
kpopn.com / referral,93,0.0
libug.net / referral,67,0.0
phnoy.com / referral,17,0.0
so.360.cn / referral,25,0.0
tudou.com / referral,123823,0.0
tudou.com / referral -> baidu / cpc,279,0.0
tudou.com / referral -> pps / banner,17,0.0
tudou.com / referral -> iqiyi / video,51,0.0
tudou.com / referral -> tudou / video,1192,0.0
tudou.com / referral -> tudou / video -> baidu / cpc,42,0.0
tudou.com / referral -> tudou / video -> tudou / video,17,0.0
tudou.com / referral -> tudou / video -> tudou / video -> js.tudouui.com / referral,42,0.0
tudou.com / referral -> tudou / video -> (direct) / (none),34,0.0
tudou.com / referral -> youku / video,153,0.0
tudou.com / referral -> tudou / banner,93,0.0
tudou.com / referral -> (direct) / (none),2046,0.0
tudou.com / referral -> (direct) / (none) -> pps / clientend,17,0.0
tudou.com / referral -> (direct) / (none) -> (direct) / (none),170,0.0
tudou.com / referral -> (direct) / (none) -> (direct) / (none) -> tudou / video,17,0.0
tudou.com / referral -> (direct) / (none) -> (direct) / (none) -> tudou / video -> (direct) / (none) -> (direct) / (none) -> (direct) / (none) -> (direct) / (none) -> (direct) / (none) -> (direct) / (none),17,0.0
tudou.com / referral -> (direct) / (none) -> (direct) / (none) -> tudou / video -> (direct) / (none) -> (direct) / (none) -> (direct) / (none) -> (direct) / (none) -> (direct) / (none) -> (direct) / (none) -> (direct) / (none),17,0.0
tudou.com / referral -> (direct) / (none) -> (direct) / (none) -> tudou / video -> (direct) / (none) -> (direct) / (none) -> (direct) / (none) -> (direct) / (none) -> (direct) / (none) -> (direct) / (none) -> (direct) / (none) -> (direct) / (none) -> (direct) / (none) -> (direct) / (none),17,0.0
tudou.com / referral -> (direct) / (none) -> (direct) / (none) -> (direct) / (none),17,0.0
tudou.com / referral -> (direct) / (none) -> (direct) / (none) -> (direct) / (none) -> (direct) / (none),34,0.0
tudou.com / referral -> (direct) / (none) -> (direct) / (none) -> (direct) / (none) -> (direct) / (none) -> (direct) / (none),51,0.0
tudou.com / referral -> (direct) / (none) -> (direct) / (none) -> (direct) / (none) -> (direct) / (none) -> (direct) / (none) -> (direct) / (none),51,0.0
tudou.com / referral -> (direct) / (none) -> (direct) / (none) -> (direct) / (none) -> (direct) / (none) -> (direct) / (none) -> (direct) / (none) -> (direct) / (none),34,0.0
tudou.com / referral -> (direct) / (none) -> (direct) / (none) -> (direct) / (none) -> (direct) / (none) -> (direct) / (none) -> (direct) / (none) -> (direct) / (none) -> (direct) / (none),17,0.0
tudou.com / referral -> (direct) / (none) -> (direct) / (none) -> (direct) / (none) -> (direct) / (none) -> (direct) / (none) -> (direct) / (none) -> (direct) / (none) -> (direct) / (none) -> (direct) / (none),17,0.0
tudou.com / referral -> (direct) / (none) -> (direct) / (none) -> (direct) / (none) -> (direct) / (none) -> (direct) / (none) -> (direct) / (none) -> (direct) / (none) -> (direct) / (none) -> (direct) / (none) -> (direct) / (none),17,0.0
tudou.com / referral -> (direct) / (none) -> (direct) / (none) -> (direct) / (none) -> (direct) / (none) -> (direct) / (none) -> (direct) / (none) -> (direct) / (none) -> (direct) / (none) -> (direct) / (none) -> (direct) / (none) -> (direct) / (none) -> (direct) / (none),17,0.0
tudou.com / referral -> (direct) / (none) -> (direct) / (none) -> (direct) / (none) -> (direct) / (none) -> (direct) / (none) -> (direct) / (none) -> (direct) / (none) -> (direct) / (none) -> (direct) / (none) -> (direct) / (none) -> (direct) / (none) -> (direct) / (none) -> (direct) / (none) -> (direct) / (none) -> (direct) / (none) -> (direct) / (none),17,0.0
tudou.com / referral -> (direct) / (none) -> (direct) / (none) -> (direct) / (none) -> (direct) / (none) -> (direct) / (none) -> (direct) / (none) -> (direct) / (none) -> (direct) / (none) -> (direct) / (none) -> (direct) / (none) -> (direct) / (none) -> (direct) / (none) -> (direct) / (none) -> (direct) / (none) -> (direct) / (none) -> (direct) / (none) -> (direct) / (none),34,0.0
tudou.com / referral -> (direct) / (none) -> (direct) / (none) -> (direct) / (none) -> (direct) / (none) -> (direct) / (none) -> (direct) / (none) -> (direct) / (none) -> (direct) / (none) -> (direct) / (none) -> (direct) / (none) -> (direct) / (none) -> (direct) / (none) -> (direct) / (none) -> (direct) / (none) -> (direct) / (none) -> (direct) / (none) -> (direct) / (none) -> (direct) / (none) -> (direct) / (none) -> (direct) / (none) -> (direct) / (none),17,0.0
tudou.com / referral -> (direct) / (none) -> tudou.com / referral,273,0.0
tudou.com / referral -> (direct) / (none) -> tudou.com / referral -> (direct) / (none) -> (direct) / (none),17,0.0
tudou.com / referral -> (direct) / (none) -> tudou.com / referral -> (direct) / (none) -> (direct) / (none) -> tudou / video,17,0.0
tudou.com / referral -> iqiyi.com / referral,186,0.0
tudou.com / referral -> tudou.com / referral,1574,0.0
tudou.com / referral -> tudou.com / referral -> baidu / cpc,17,0.0
tudou.com / referral -> tudou.com / referral -> (direct) / (none),59,0.0
tudou.com / referral -> tudou.com / referral -> (direct) / (none) -> youku / video,42,0.0
tudou.com / referral -> tudou.com / referral -> (direct) / (none) -> (direct) / (none),17,0.0
tudou.com / referral -> tudou.com / referral -> tudou.com / referral,42,0.0
tudou.com / referral -> js.tudouui.com / referral,17,0.0
tudou.com / referral -> player.letvcdn.com / referral,17,0.0
v.26vv.cn / referral,17,0.0
weibo.com / referral,1554,0.0
weibo.com / referral -> weibo.com / referral,17,0.0
x2dsj.com / referral,17,0.0
1qdisk.com / referral,17,0.0
222.83.8.3 / referral,17,0.0
222.83.8.4 / referral,34,0.0
222.83.8.5 / referral,42,0.0
58.56.19.3 / referral,42,0.0
58.56.19.4 / referral,17,0.0
58.56.19.5 / referral,34,0.0
58.56.19.6 / referral,17,0.0
8585tv.com / referral,42,0.0
mytoday.us / referral,59,0.0
netsko.com / referral,119,0.0
olangal.co / referral,17,0.0
adquan.com / referral,519,0.0
adquan.com / referral -> (direct) / (none),17,0.0
adquan.com / referral -> adquan.com / referral,17,0.0
adquan.com / referral -> en.campaignchina.com / referral,25,0.0
c.t.qq.com / referral,17,0.0
cdbook.org / referral,34,0.0
douban.com / referral,729,0.0
douban.com / referral -> baidu / cpc,25,0.0
douban.com / referral -> snickers.com.cn / referral,42,0.0
douban.com / referral -> (direct) / (none),25,0.0
ebenta.com / referral,17,0.0
hk-pub.com / referral,42,0.0
kankan.com / referral,17833,0.0
kankan.com / referral -> baidu / cpc,34,0.0
kankan.com / referral -> baidu / cpc -> baidu / cpc,17,0.0
kankan.com / referral -> (direct) / (none),153,0.0
kankan.com / referral -> (direct) / (none) -> (direct) / (none),34,0.0
kankan.com / referral -> (direct) / (none) -> (direct) / (none) -> (direct) / (none),34,0.0
kankan.com / referral -> (direct) / (none) -> (direct) / (none) -> (direct) / (none) -> (direct) / (none),51,0.0
kankan.com / referral -> (direct) / (none) -> (direct) / (none) -> (direct) / (none) -> (direct) / (none) -> (direct) / (none),51,0.0
kankan.com / referral -> (direct) / (none) -> (direct) / (none) -> (direct) / (none) -> (direct) / (none) -> (direct) / (none) -> (direct) / (none) -> (direct) / (none) -> (direct) / (none),17,0.0
kankan.com / referral -> (direct) / (none) -> (direct) / (none) -> (direct) / (none) -> (direct) / (none) -> (direct) / (none) -> (direct) / (none) -> (direct) / (none) -> (direct) / (none) -> (direct) / (none) -> (direct) / (none),17,0.0
kankan.com / referral -> (direct) / (none) -> (direct) / (none) -> (direct) / (none) -> (direct) / (none) -> (direct) / (none) -> (direct) / (none) -> (direct) / (none) -> (direct) / (none) -> (direct) / (none) -> (direct) / (none) -> (direct) / (none) -> (direct) / (none),17,0.0
kankan.com / referral -> (direct) / (none) -> (direct) / (none) -> (direct) / (none) -> (direct) / (none) -> (direct) / (none) -> (direct) / (none) -> (direct) / (none) -> (direct) / (none) -> (direct) / (none) -> (direct) / (none) -> (direct) / (none) -> (direct) / (none) -> (direct) / (none) -> (direct) / (none) -> (direct) / (none),17,0.0
kankan.com / referral -> (direct) / (none) -> (direct) / (none) -> (direct) / (none) -> (direct) / (none) -> (direct) / (none) -> (direct) / (none) -> (direct) / (none) -> (direct) / (none) -> (direct) / (none) -> (direct) / (none) -> (direct) / (none) -> (direct) / (none) -> (direct) / (none) -> (direct) / (none) -> (direct) / (none) -> (direct) / (none) -> (direct) / (none),17,0.0
kankan.com / referral -> kankan.com / referral,256,0.0
kaplog.com / referral,59,0.0
kd0351.com / referral,101,0.0
pnoytv.com / referral,17,0.0
qogluk.com / referral -> youku / video,17,0.0
redspot.tv / referral,42,0.0
renren.com / referral,77,0.0
tvboza.com / referral,76,0.0
tamilo.com / referral,34,0.0
xunlei.com / referral,15393,0.0
xunlei.com / referral -> baidu / cpc,17,0.0
xunlei.com / referral -> pptv / video,17,0.0
xunlei.com / referral -> (direct) / (none),220,0.0
xunlei.com / referral -> (direct) / (none) -> (direct) / (none),17,0.0
xunlei.com / referral -> (direct) / (none) -> (direct) / (none) -> (direct) / (none) -> (direct) / (none) -> (direct) / (none),17,0.0
xunlei.com / referral -> (direct) / (none) -> (direct) / (none) -> (direct) / (none) -> (direct) / (none) -> (direct) / (none) -> (direct) / (none),17,0.0
xunlei.com / referral -> (direct) / (none) -> (direct) / (none) -> (direct) / (none) -> (direct) / (none) -> (direct) / (none) -> (direct) / (none) -> (direct) / (none) -> (direct) / (none),34,0.0
xunlei.com / referral -> (direct) / (none) -> (direct) / (none) -> (direct) / (none) -> (direct) / (none) -> (direct) / (none) -> (direct) / (none) -> (direct) / (none) -> (direct) / (none) -> (direct) / (none),17,0.0
xunlei.com / referral -> (direct) / (none) -> (direct) / (none) -> (direct) / (none) -> (direct) / (none) -> (direct) / (none) -> (direct) / (none) -> (direct) / (none) -> (direct) / (none) -> (direct) / (none) -> (direct) / (none),17,0.0
xunlei.com / referral -> (direct) / (none) -> (direct) / (none) -> (direct) / (none) -> (direct) / (none) -> (direct) / (none) -> (direct) / (none) -> (direct) / (none) -> (direct) / (none) -> (direct) / (none) -> (direct) / (none) -> (direct) / (none) -> (direct) / (none),51,0.0
xunlei.com / referral -> (direct) / (none) -> (direct) / (none) -> (direct) / (none) -> (direct) / (none) -> (direct) / (none) -> (direct) / (none) -> (direct) / (none) -> (direct) / (none) -> (direct) / (none) -> (direct) / (none) -> (direct) / (none) -> (direct) / (none) -> (direct) / (none) -> (direct) / (none) -> (direct) / (none) -> (direct) / (none),17,0.0
xunlei.com / referral -> kankan.com / referral,221,0.0
xunlei.com / referral -> kankan.com / referral -> kankan.com / referral,94,0.0
xunlei.com / referral -> xunlei.com / referral,68,0.0
xemphim.in / referral,17,0.0
xiaoyao.tv / referral,17,0.0
z.t.qq.com / referral,17,0.0
192.168.1.1 / referral,17,0.0
61.135.22.5 / referral,34,0.0
op.17dm.com / referral,25,0.0
curvage.org / referral,42,0.0
e.weibo.com / referral,575,0.0
e.weibo.com / referral -> e.weibo.com / referral,42,0.0
e.weibo.com / referral -> e.weibo.com / referral -> e.weibo.com / referral,42,0.0
epdrama.com / referral,17,0.0
h2w.iask.cn / referral,85,0.0
interval.in / referral,17,0.0
kynepal.com / referral,17,0.0
koreayh.com / referral,51,0.0
kshowgo.net / referral,42,0.0
lol.178.com / referral,17,0.0
s.weibo.com / referral,34,0.0
tubeplus.me / referral,17,0.0
tee-pak.net / referral,162,0.0
v.youku.com / referral,10272,0.0
v.youku.com / referral -> tudou / video,34,0.0
v.youku.com / referral -> (direct) / (none),93,0.0
v.youku.com / referral -> v.youku.com / referral,93,0.0
v.youku.com / referral -> v.youku.com / referral -> v.youku.com / referral,17,0.0
wurinet.com / referral,213,0.0
womenkr.net / referral,17,0.0
mapledos.com / referral,17,0.0
brain.com.tw / referral,111,0.0
dp.tudou.com / referral,17,0.0
dramasub.com / referral,42,0.0
dramovie.com / referral,42,0.0
fulldizi.com / referral,17,0.0
gmodules.com / referral,17,0.0
joovideo.net / referral,17,0.0
joovideo.com / referral,127,0.0
jsyz.vnet.cn / referral,17,0.0
kathoram.com / referral,34,0.0
koreanatv.us / referral,17,0.0
pinoy365.com / referral,77,0.0
rajtamil.com / referral,17,0.0
somsatang.us / referral,17,0.0
tubebibo.net / referral,34,0.0
vod.fjdh.com / referral -> vod.fjdh.com / referral,25,0.0
119.60.11.97 / referral,17,0.0
68design.net / referral,162,0.0
119.6.119.154 / referral,17,0.0
119.60.11.184 / referral,34,0.0
123.139.0.131 / referral,17,0.0
131.253.14.66 / referral,17,0.0
58.17.163.138 / referral,34,0.0
cooltamil.com / referral,17,0.0
dn.duowan.com / referral,17,0.0
dramabada.net / referral,17,0.0
dramaidol.com / referral,17,0.0
event.mosh.cn / referral,152,0.0
event.mosh.cn / referral -> event.mosh.cn / referral,17,0.0
ionsesang.com / referral,25,0.0
k-popblog.com / referral,17,0.0
koreanatv.com / referral,25,0.0
lambingan.net / referral,17,0.0
lol.tgbus.com / referral,17,0.0
pinoymovie.co / referral,17,0.0
play.v.61.com / referral,17,0.0
123andhracinema.blogspot.co.uk / referral,42,0.0
youtubewatchmoviez.blogspot.in / referral,17,0.0
youtubewatchmoviez.blogspot.kr / referral,17,0.0
youtubewatchmoviez.blogspot.kr / referral -> youtubewatchmoviez.blogspot.kr / referral,17,0.0
movies-pinoyalaktv.blogspot.com / referral,59,0.0
translate.googleusercontent.com / referral,34,0.0
youtubewatchmoviez.blogspot.com / referral,42,0.0
172.15.0.205:3438 / referral,17,0.0
10.255.130.2:3438 / referral,119,0.0
10.255.130.2:3438 / referral -> (direct) / (none),17,0.0
mv.mylove1314.net / referral,17,0.0
bbs.rollerfun.net / referral,17,0.0
c.admaster.com.cn / referral,17,0.0
campaignchina.com / referral,118,0.0
douga.maniaga.com / referral,17,0.0
e.cn.miaozhen.com / referral,356,0.0
e.cn.miaozhen.com / referral -> e.cn.miaozhen.com / referral,17,0.0
honglingjin.co.uk / referral,144,0.0
pinoychatzone.org / referral,17,0.0
pinoytvreplay.net / referral,59,0.0
pinaytambayan.com / referral,59,0.0
rwd.ogilvy.com.cn / referral,17,0.0
user.qzone.qq.com / referral,84,0.0
61.182.172.6:22050 / referral,25,0.0
bbs.pcgames.com.cn / referral,17,0.0
filmshowonline.net / referral,17,0.0
pinoymovies101.com / referral,136,0.0
pinoymovies101.com / referral -> pinoymovies101.com / referral,17,0.0
player.hz.letv.com / referral,119,0.0
player.hz.letv.com / referral -> (direct) / (none) -> (direct) / (none) -> (direct) / (none) -> (direct) / (none) -> (direct) / (none) -> (direct) / (none) -> (direct) / (none) -> (direct) / (none) -> (direct) / (none) -> (direct) / (none) -> (direct) / (none) -> (direct) / (none) -> (direct) / (none) -> (direct) / (none),17,0.0
player.letvcdn.com / referral,21084,0.0
player.letvcdn.com / referral -> baidu / cpc,76,0.0
player.letvcdn.com / referral -> baidu / cpc -> baidu / cpc,34,0.0
player.letvcdn.com / referral -> iqiyi / video,17,0.0
player.letvcdn.com / referral -> iqiyi / video -> (direct) / (none),34,0.0
player.letvcdn.com / referral -> baidu / organic,34,0.0
player.letvcdn.com / referral -> (direct) / (none),323,0.0
player.letvcdn.com / referral -> (direct) / (none) -> (direct) / (none),51,0.0
player.letvcdn.com / referral -> (direct) / (none) -> (direct) / (none) -> (direct) / (none),102,0.0
player.letvcdn.com / referral -> (direct) / (none) -> (direct) / (none) -> (direct) / (none) -> (direct) / (none),17,0.0
player.letvcdn.com / referral -> (direct) / (none) -> (direct) / (none) -> (direct) / (none) -> (direct) / (none) -> (direct) / (none),34,0.0
player.letvcdn.com / referral -> (direct) / (none) -> (direct) / (none) -> (direct) / (none) -> (direct) / (none) -> (direct) / (none) -> (direct) / (none),34,0.0
player.letvcdn.com / referral -> (direct) / (none) -> (direct) / (none) -> (direct) / (none) -> (direct) / (none) -> (direct) / (none) -> (direct) / (none) -> (direct) / (none),42,0.0
player.letvcdn.com / referral -> (direct) / (none) -> (direct) / (none) -> (direct) / (none) -> (direct) / (none) -> (direct) / (none) -> (direct) / (none) -> (direct) / (none) -> (direct) / (none),17,0.0
player.letvcdn.com / referral -> (direct) / (none) -> (direct) / (none) -> (direct) / (none) -> (direct) / (none) -> (direct) / (none) -> (direct) / (none) -> (direct) / (none) -> (direct) / (none) -> (direct) / (none),34,0.0
player.letvcdn.com / referral -> (direct) / (none) -> (direct) / (none) -> (direct) / (none) -> (direct) / (none) -> (direct) / (none) -> (direct) / (none) -> (direct) / (none) -> (direct) / (none) -> (direct) / (none) -> (direct) / (none),17,0.0
player.letvcdn.com / referral -> (direct) / (none) -> (direct) / (none) -> (direct) / (none) -> (direct) / (none) -> (direct) / (none) -> (direct) / (none) -> (direct) / (none) -> (direct) / (none) -> (direct) / (none) -> (direct) / (none) -> (direct) / (none) -> (direct) / (none),34,0.0
player.letvcdn.com / referral -> (direct) / (none) -> (direct) / (none) -> (direct) / (none) -> (direct) / (none) -> (direct) / (none) -> (direct) / (none) -> (direct) / (none) -> (direct) / (none) -> (direct) / (none) -> (direct) / (none) -> (direct) / (none) -> (direct) / (none) -> (direct) / (none),17,0.0
player.letvcdn.com / referral -> (direct) / (none) -> (direct) / (none) -> (direct) / (none) -> (direct) / (none) -> (direct) / (none) -> (direct) / (none) -> (direct) / (none) -> (direct) / (none) -> (direct) / (none) -> (direct) / (none) -> (direct) / (none) -> (direct) / (none) -> (direct) / (none) -> (direct) / (none),17,0.0
player.letvcdn.com / referral -> (direct) / (none) -> (direct) / (none) -> (direct) / (none) -> (direct) / (none) -> (direct) / (none) -> (direct) / (none) -> (direct) / (none) -> (direct) / (none) -> (direct) / (none) -> (direct) / (none) -> (direct) / (none) -> (direct) / (none) -> (direct) / (none) -> (direct) / (none) -> (direct) / (none) -> (direct) / (none) -> (direct) / (none),34,0.0
player.letvcdn.com / referral -> (direct) / (none) -> (direct) / (none) -> (direct) / (none) -> (direct) / (none) -> (direct) / (none) -> (direct) / (none) -> (direct) / (none) -> (direct) / (none) -> (direct) / (none) -> (direct) / (none) -> (direct) / (none) -> (direct) / (none) -> (direct) / (none) -> (direct) / (none) -> (direct) / (none) -> (direct) / (none) -> (direct) / (none) -> (direct) / (none) -> (direct) / (none) -> (direct) / (none),17,0.0
player.letvcdn.com / referral -> (direct) / (none) -> (direct) / (none) -> (direct) / (none) -> (direct) / (none) -> (direct) / (none) -> (direct) / (none) -> (direct) / (none) -> (direct) / (none) -> (direct) / (none) -> (direct) / (none) -> (direct) / (none) -> (direct) / (none) -> (direct) / (none) -> (direct) / (none) -> (direct) / (none) -> (direct) / (none) -> (direct) / (none) -> (direct) / (none) -> (direct) / (none) -> (direct) / (none) -> (direct) / (none) -> (direct) / (none),17,0.0
player.letvcdn.com / referral -> (direct) / (none) -> player.letvcdn.com / referral,17,0.0
player.letvcdn.com / referral -> letv.com / referral,17,0.0
player.letvcdn.com / referral -> player.letvcdn.com / referral,195,0.0
player.letvcdn.com / referral -> player.letvcdn.com / referral -> player.letvcdn.com / referral -> player.letvcdn.com / referral -> player.letvcdn.com / referral -> player.letvcdn.com / referral -> player.letvcdn.com / referral -> player.letvcdn.com / referral -> player.letvcdn.com / referral,17,0.0
sports.titan24.com / referral,51,0.0
watchpinoytube.com / referral,42,0.0
211.140.10.212:3438 / referral,118,0.0
211.140.10.213:3438 / referral,162,0.0
61.132.216.241:9090 / referral,34,0.0
files.dardarkom.com / referral,68,0.0
goods.pcbaby.com.cn / referral,34,0.0
joshmovies.ulmb.com / referral,51,0.0
pinoyfullmovies.com / referral,17,0.0
redir.yy.duowan.com / referral,17,0.0
static.video.qq.com / referral,25,0.0
mail.eurorscg.com.hk / referral,51,0.0
dramanara.weebly.com / referral,17,0.0
en.campaignchina.com / referral,34,0.0
221.208.143.243:8080 / referral,17,0.0
221.231.141.222:6007 / referral,34,0.0
221.231.141.222:6000 / referral,17,0.0
124.160.227.114:10008 / referral,25,0.0
124.160.227.114:10012 / referral,17,0.0
211.138.207.229:57628 / referral,17,0.0
microsoft-cn.com:3438 / referral,34,0.0
niki69doda.cafe24.com / referral,76,0.0
onlinewatchmovies.net / referral,17,0.0
a-pinkyeah.tumblr.com / referral,17,0.0
fullmovie-kolkata.com / referral,42,0.0
pinoyonlinemovies.com / referral,17,0.0
pinoymoviesonline.net / referral,34,0.0
pinoytambayanatin.com / referral,17,0.0
speedtest.139life.com / referral,17,0.0
videos.videomasti.net / referral,34,0.0
dtopmovies.blogspot.de / referral,17,0.0
dramato.blog98.fc2.com / referral,17,0.0
andhrawala4.blogspot.in / referral,17,0.0
freechitras.blogspot.in / referral,17,0.0
pinoytvonlinemovies.com / referral,76,0.0
popcornnow.blogspot.com / referral,68,0.0
watchfilipinomovies.com / referral,246,0.0
andhrawala4.blogspot.com / referral,34,0.0
emovieonline.blogspot.in / referral,17,0.0
link.smartscreen.live.com / referral,17,0.0
link.smartscreen.live.com / referral -> (direct) / (none),17,0.0
onlinemoviesportsandtv.com / referral,34,0.0
free.watchtelugumovies.net / referral,136,0.0
andhrawala4.blogspot.com.es / referral,17,0.0
watchbarbiemoviesonline.com / referral,17,0.0